name,position
IMG000001.jpeg,hip bone
IMG000002.jpeg,tibia
IMG000003.jpeg,tibia
IMG000004.jpeg,foot
IMG000005.jpeg,foot
IMG000006.jpeg,femur
IMG000007.jpeg,femur
IMG000008.jpeg,humerus
IMG000009.jpeg,humerus
IMG000010.jpeg,humerus
IMG000011.jpeg,hip bone
IMG000012.jpeg,hip bone
IMG000013.jpeg,humerus
IMG000014.jpeg,humerus
IMG000015.jpeg,humerus
IMG000016.jpeg,humerus
IMG000017.jpeg,femur
IMG000018.jpeg,femur
IMG000019.jpeg,femur
IMG000020.jpeg,femur
IMG000021.jpeg,femur
IMG000022.jpeg,tibia
IMG000023.jpeg,tibia
IMG000024.jpeg,femur
IMG000025.jpeg,femur
IMG000026.jpeg,femur
IMG000027.jpeg,femur
IMG000028.jpeg,femur
IMG000029.jpeg,femur
IMG000030.jpeg,tibia
IMG000031.jpeg,tibia
IMG000032.jpeg,hip bone
IMG000033.jpeg,humerus
IMG000034.jpeg,humerus
IMG000035.jpeg,hip bone
IMG000036.jpeg,hip bone
IMG000037.jpeg,tibia
IMG000038.jpeg,tibia
IMG000039.jpeg,humerus
IMG000040.jpeg,femur
IMG000041.jpeg,femur
IMG000042.jpeg,humerus
IMG000043.jpeg,humerus
IMG000044.jpeg,femur
IMG000045.jpeg,femur
IMG000046.jpeg,fibula
IMG000047.jpeg,fibula
IMG000048.jpeg,hip bone
IMG000049.jpeg,hip bone
IMG000050.jpeg,hip bone
IMG000051.jpeg,humerus
IMG000052.jpeg,humerus
IMG000053.jpeg,femur
IMG000054.jpeg,femur
IMG000055.jpeg,humerus
IMG000056.jpeg,humerus
IMG000057.jpeg,fibula
IMG000058.jpeg,fibula
IMG000059.jpeg,femur
IMG000060.jpeg,femur
IMG000061.jpeg,tibia
IMG000062.jpeg,tibia
IMG000063.jpeg,femur
IMG000064.jpeg,femur
IMG000065.jpeg,humerus
IMG000066.jpeg,humerus
IMG000067.jpeg,tibia
IMG000068.jpeg,tibia
IMG000069.jpeg,tibia
IMG000070.jpeg,tibia
IMG000071.jpeg,hip bone
IMG000072.jpeg,femur
IMG000073.jpeg,femur
IMG000074.jpeg,femur
IMG000075.jpeg,femur
IMG000076.jpeg,femur
IMG000077.jpeg,humerus
IMG000078.jpeg,humerus
IMG000079.jpeg,humerus
IMG000080.jpeg,humerus
IMG000081.jpeg,humerus
IMG000082.jpeg,humerus
IMG000083.jpeg,femur
IMG000084.jpeg,femur
IMG000085.jpeg,femur
IMG000086.jpeg,femur
IMG000087.jpeg,femur
IMG000088.jpeg,femur
IMG000089.jpeg,femur
IMG000090.jpeg,femur
IMG000091.jpeg,femur
IMG000092.jpeg,femur
IMG000093.jpeg,femur
IMG000094.jpeg,femur
IMG000095.jpeg,femur
IMG000096.jpeg,femur
IMG000097.jpeg,femur
IMG000098.jpeg,femur
IMG000099.jpeg,ulna
IMG000100.jpeg,ulna
IMG000101.jpeg,femur
IMG000102.jpeg,humerus
IMG000103.jpeg,humerus
IMG000104.jpeg,humerus
IMG000105.jpeg,humerus
IMG000106.jpeg,tibia
IMG000107.jpeg,tibia
IMG000108.jpeg,ulna
IMG000109.jpeg,ulna
IMG000110.jpeg,ulna
IMG000111.jpeg,ulna
IMG000112.jpeg,femur
IMG000113.jpeg,femur
IMG000114.jpeg,hip bone
IMG000115.jpeg,humerus
IMG000116.jpeg,humerus
IMG000117.jpeg,tibia
IMG000118.jpeg,tibia
IMG000119.jpeg,tibia
IMG000120.jpeg,tibia
IMG000121.jpeg,humerus
IMG000122.jpeg,humerus
IMG000123.jpeg,femur
IMG000124.jpeg,femur
IMG000125.jpeg,femur
IMG000126.jpeg,femur
IMG000127.jpeg,femur
IMG000128.jpeg,femur
IMG000129.jpeg,femur
IMG000130.jpeg,femur
IMG000131.jpeg,tibia
IMG000132.jpeg,tibia
IMG000133.jpeg,shoulder-joint
IMG000134.jpeg,shoulder-joint
IMG000135.jpeg,femur
IMG000136.jpeg,femur
IMG000137.jpeg,femur
IMG000138.jpeg,femur
IMG000139.jpeg,radius
IMG000140.jpeg,radius
IMG000141.jpeg,femur
IMG000142.jpeg,femur
IMG000143.jpeg,femur
IMG000144.jpeg,hip bone
IMG000145.jpeg,hip bone
IMG000146.jpeg,tibia
IMG000147.jpeg,tibia
IMG000148.jpeg,humerus
IMG000149.jpeg,humerus
IMG000150.jpeg,humerus
IMG000151.jpeg,femur
IMG000152.jpeg,hip bone
IMG000153.jpeg,humerus
IMG000154.jpeg,humerus
IMG000155.jpeg,hip bone
IMG000156.jpeg,hip bone
IMG000157.jpeg,hip bone
IMG000158.jpeg,femur
IMG000159.jpeg,femur
IMG000160.jpeg,femur
IMG000161.jpeg,femur
IMG000162.jpeg,fibula
IMG000163.jpeg,fibula
IMG000164.jpeg,fibula
IMG000165.jpeg,fibula
IMG000166.jpeg,femur
IMG000167.jpeg,femur
IMG000168.jpeg,femur
IMG000169.jpeg,femur
IMG000170.jpeg,femur
IMG000171.jpeg,femur
IMG000172.jpeg,radius
IMG000173.jpeg,radius
IMG000174.jpeg,hip bone
IMG000175.jpeg,humerus
IMG000176.jpeg,humerus
IMG000177.jpeg,femur
IMG000178.jpeg,femur
IMG000179.jpeg,humerus
IMG000180.jpeg,femur
IMG000181.jpeg,femur
IMG000182.jpeg,femur
IMG000183.jpeg,femur
IMG000184.jpeg,femur
IMG000185.jpeg,femur
IMG000186.jpeg,femur
IMG000187.jpeg,femur
IMG000188.jpeg,femur
IMG000189.jpeg,femur
IMG000190.jpeg,femur
IMG000191.jpeg,femur
IMG000192.jpeg,femur
IMG000193.jpeg,femur
IMG000194.jpeg,femur
IMG000195.jpeg,femur
IMG000196.jpeg,femur
IMG000197.jpeg,femur
IMG000198.jpeg,tibia
IMG000199.jpeg,tibia
IMG000200.jpeg,femur
IMG000201.jpeg,femur
IMG000202.jpeg,femur
IMG000203.jpeg,humerus
IMG000204.jpeg,humerus
IMG000205.jpeg,femur
IMG000206.jpeg,humerus
IMG000207.jpeg,humerus
IMG000208.jpeg,"tibia,femur"
IMG000209.jpeg,"tibia,femur"
IMG000210.jpeg,"hand,radius"
IMG000211.jpeg,"hand,radius"
IMG000212.jpeg,fibula
IMG000213.jpeg,fibula
IMG000214.jpeg,tibia
IMG000215.jpeg,tibia
IMG000216.jpeg,tibia
IMG000217.jpeg,tibia
IMG000218.jpeg,tibia
IMG000219.jpeg,tibia
IMG000220.jpeg,fibula
IMG000221.jpeg,fibula
IMG000222.jpeg,ankle-joint
IMG000223.jpeg,hip bone
IMG000224.jpeg,femur
IMG000225.jpeg,femur
IMG000226.jpeg,femur
IMG000227.jpeg,femur
IMG000228.jpeg,femur
IMG000229.jpeg,femur
IMG000230.jpeg,femur
IMG000231.jpeg,femur
IMG000232.jpeg,femur
IMG000233.jpeg,femur
IMG000234.jpeg,radius
IMG000235.jpeg,radius
IMG000236.jpeg,foot
IMG000237.jpeg,foot
IMG000238.jpeg,tibia
IMG000239.jpeg,tibia
IMG000240.jpeg,humerus
IMG000241.jpeg,humerus
IMG000242.jpeg,tibia
IMG000243.jpeg,tibia
IMG000244.jpeg,tibia
IMG000245.jpeg,femur
IMG000246.jpeg,"foot,ankle-joint"
IMG000247.jpeg,femur
IMG000248.jpeg,femur
IMG000249.jpeg,femur
IMG000250.jpeg,hand
IMG000251.jpeg,femur
IMG000252.jpeg,femur
IMG000253.jpeg,femur
IMG000254.jpeg,fibula
IMG000255.jpeg,femur
IMG000256.jpeg,femur
IMG000257.jpeg,femur
IMG000258.jpeg,femur
IMG000259.jpeg,femur
IMG000260.jpeg,shoulder-joint
IMG000261.jpeg,tibia
IMG000262.jpeg,hand
IMG000263.jpeg,tibia
IMG000264.jpeg,tibia
IMG000265.jpeg,tibia
IMG000266.jpeg,tibia
IMG000267.jpeg,tibia
IMG000268.jpeg,tibia
IMG000269.jpeg,femur
IMG000270.jpeg,femur
IMG000271.jpeg,hand
IMG000272.jpeg,tibia
IMG000273.jpeg,tibia
IMG000274.jpeg,ulna
IMG000275.jpeg,tibia
IMG000276.jpeg,tibia
IMG000277.jpeg,tibia
IMG000278.jpeg,foot
IMG000279.jpeg,humerus
IMG000280.jpeg,fibula
IMG000281.jpeg,fibula
IMG000282.jpeg,tibia
IMG000283.jpeg,foot
IMG000284.jpeg,tibia
IMG000285.jpeg,tibia
IMG000286.jpeg,foot
IMG000287.jpeg,hand
IMG000288.jpeg,hand
IMG000289.jpeg,radius
IMG000290.jpeg,radius
IMG000291.jpeg,foot
IMG000292.jpeg,humerus
IMG000293.jpeg,foot
IMG000294.jpeg,foot
IMG000295.jpeg,foot
IMG000296.jpeg,"tibia,femur"
IMG000297.jpeg,tibia
IMG000298.jpeg,"tibia,fibula,femur"
IMG000299.jpeg,"tibia,fibula,femur"
IMG000300.jpeg,tibia
IMG000301.jpeg,tibia
IMG000302.jpeg,tibia
IMG000303.jpeg,foot
IMG000304.jpeg,foot
IMG000305.jpeg,tibia
IMG000306.jpeg,fibula
IMG000307.jpeg,ulna
IMG000308.jpeg,femur
IMG000309.jpeg,femur
IMG000310.jpeg,tibia
IMG000311.jpeg,tibia
IMG000312.jpeg,femur
IMG000313.jpeg,femur
IMG000314.jpeg,humerus
IMG000315.jpeg,humerus
IMG000316.jpeg,humerus
IMG000317.jpeg,humerus
IMG000318.jpeg,humerus
IMG000319.jpeg,tibia
IMG000320.jpeg,fibula
IMG000321.jpeg,humerus
IMG000322.jpeg,femur
IMG000323.jpeg,hand
IMG000324.jpeg,hand
IMG000325.jpeg,humerus
IMG000326.jpeg,humerus
IMG000327.jpeg,femur
IMG000328.jpeg,femur
IMG000329.jpeg,tibia
IMG000330.jpeg,tibia
IMG000331.jpeg,foot
IMG000332.jpeg,femur
IMG000333.jpeg,femur
IMG000334.jpeg,tibia
IMG000335.jpeg,tibia
IMG000336.jpeg,femur
IMG000337.jpeg,foot
IMG000338.jpeg,femur
IMG000339.jpeg,humerus
IMG000340.jpeg,radius
IMG000341.jpeg,tibia
IMG000342.jpeg,"tibia,fibula"
IMG000343.jpeg,tibia
IMG000344.jpeg,femur
IMG000345.jpeg,femur
IMG000346.jpeg,hand
IMG000347.jpeg,hand
IMG000348.jpeg,femur
IMG000349.jpeg,tibia
IMG000350.jpeg,tibia
IMG000351.jpeg,tibia
IMG000352.jpeg,tibia
IMG000353.jpeg,tibia
IMG000354.jpeg,tibia
IMG000355.jpeg,tibia
IMG000356.jpeg,tibia
IMG000357.jpeg,tibia
IMG000358.jpeg,tibia
IMG000359.jpeg,tibia
IMG000360.jpeg,tibia
IMG000361.jpeg,tibia
IMG000362.jpeg,tibia
IMG000363.jpeg,tibia
IMG000364.jpeg,tibia
IMG000365.jpeg,hand
IMG000366.jpeg,hand
IMG000367.jpeg,ulna
IMG000368.jpeg,tibia
IMG000369.jpeg,fibula
IMG000370.jpeg,fibula
IMG000371.jpeg,femur
IMG000372.jpeg,tibia
IMG000373.jpeg,humerus
IMG000374.jpeg,"femur,hip bone"
IMG000375.jpeg,"tibia,fibula,femur"
IMG000376.jpeg,"tibia,fibula,femur"
IMG000377.jpeg,radius
IMG000378.jpeg,tibia
IMG000379.jpeg,fibula
IMG000380.jpeg,fibula
IMG000381.jpeg,femur
IMG000382.jpeg,femur
IMG000383.jpeg,hand
IMG000384.jpeg,hand
IMG000385.jpeg,tibia
IMG000386.jpeg,hand
IMG000387.jpeg,hand
IMG000388.jpeg,radius
IMG000389.jpeg,radius
IMG000390.jpeg,femur
IMG000391.jpeg,femur
IMG000392.jpeg,femur
IMG000393.jpeg,femur
IMG000394.jpeg,"femur,hip bone"
IMG000395.jpeg,"femur,hip bone"
IMG000396.jpeg,"femur,hip bone"
IMG000397.jpeg,"tibia,fibula,femur,hip bone"
IMG000398.jpeg,"tibia,fibula,femur"
IMG000399.jpeg,"tibia,fibula,femur"
IMG000400.jpeg,"tibia,fibula,femur"
IMG000401.jpeg,"tibia,fibula,femur"
IMG000402.jpeg,"tibia,fibula,femur"
IMG000403.jpeg,"tibia,fibula,femur"
IMG000404.jpeg,"tibia,fibula,femur"
IMG000405.jpeg,femur
IMG000406.jpeg,"tibia,fibula,femur"
IMG000407.jpeg,"tibia,fibula,femur,hip bone"
IMG000408.jpeg,radius
IMG000409.jpeg,tibia
IMG000410.jpeg,fibula
IMG000411.jpeg,foot
IMG000412.jpeg,femur
IMG000413.jpeg,femur
IMG000414.jpeg,humerus
IMG000415.jpeg,humerus
IMG000416.jpeg,foot
IMG000417.jpeg,humerus
IMG000418.jpeg,humerus
IMG000419.jpeg,humerus
IMG000420.jpeg,femur
IMG000421.jpeg,tibia
IMG000422.jpeg,tibia
IMG000423.jpeg,fibula
IMG000424.jpeg,femur
IMG000425.jpeg,femur
IMG000426.jpeg,tibia
IMG000427.jpeg,fibula
IMG000428.jpeg,fibula
IMG000429.jpeg,tibia
IMG000430.jpeg,tibia
IMG000431.jpeg,tibia
IMG000432.jpeg,tibia
IMG000433.jpeg,fibula
IMG000434.jpeg,fibula
IMG000435.jpeg,femur
IMG000436.jpeg,femur
IMG000437.jpeg,radius
IMG000438.jpeg,radius
IMG000439.jpeg,foot
IMG000440.jpeg,tibia
IMG000441.jpeg,tibia
IMG000442.jpeg,tibia
IMG000443.jpeg,femur
IMG000444.jpeg,femur
IMG000445.jpeg,tibia
IMG000446.jpeg,hip bone
IMG000447.jpeg,femur
IMG000448.jpeg,"tibia,fibula"
IMG000449.jpeg,"tibia,fibula"
IMG000450.jpeg,tibia
IMG000451.jpeg,tibia
IMG000452.jpeg,"fibula,femur"
IMG000453.jpeg,hand
IMG000454.jpeg,hand
IMG000455.jpeg,"tibia,fibula"
IMG000456.jpeg,"tibia,fibula"
IMG000457.jpeg,"tibia,fibula,femur"
IMG000458.jpeg,"tibia,fibula,femur"
IMG000459.jpeg,humerus
IMG000460.jpeg,humerus
IMG000461.jpeg,humerus
IMG000462.jpeg,humerus
IMG000463.jpeg,tibia
IMG000464.jpeg,tibia
IMG000465.jpeg,tibia
IMG000466.jpeg,tibia
IMG000467.jpeg,femur
IMG000468.jpeg,humerus
IMG000469.jpeg,humerus
IMG000470.jpeg,tibia
IMG000471.jpeg,tibia
IMG000472.jpeg,"humerus,shoulder-joint"
IMG000473.jpeg,"tibia,fibula,femur"
IMG000474.jpeg,"tibia,fibula,femur"
IMG000475.jpeg,"foot,tibia,fibula"
IMG000476.jpeg,"foot,tibia,fibula"
IMG000477.jpeg,"tibia,fibula,femur"
IMG000478.jpeg,"foot,tibia,fibula"
IMG000479.jpeg,"hand,ulna,radius"
IMG000480.jpeg,"hand,ulna,radius"
IMG000481.jpeg,tibia
IMG000482.jpeg,tibia
IMG000483.jpeg,tibia
IMG000484.jpeg,femur
IMG000485.jpeg,femur
IMG000486.jpeg,tibia
IMG000487.jpeg,tibia
IMG000488.jpeg,hand
IMG000489.jpeg,hand
IMG000490.jpeg,fibula
IMG000491.jpeg,ulna
IMG000492.jpeg,fibula
IMG000493.jpeg,fibula
IMG000494.jpeg,hand
IMG000495.jpeg,hand
IMG000496.jpeg,femur
IMG000497.jpeg,humerus
IMG000498.jpeg,fibula
IMG000499.jpeg,fibula
IMG000500.jpeg,tibia
IMG000501.jpeg,tibia
IMG000502.jpeg,radius
IMG000503.jpeg,femur
IMG000504.jpeg,femur
IMG000505.jpeg,tibia
IMG000506.jpeg,tibia
IMG000507.jpeg,tibia
IMG000508.jpeg,tibia
IMG000509.jpeg,femur
IMG000510.jpeg,femur
IMG000511.jpeg,hand
IMG000512.jpeg,hand
IMG000513.jpeg,femur
IMG000514.jpeg,humerus
IMG000515.jpeg,fibula
IMG000516.jpeg,hip bone
IMG000517.jpeg,foot
IMG000518.jpeg,foot
IMG000519.jpeg,foot
IMG000520.jpeg,foot
IMG000521.jpeg,foot
IMG000522.jpeg,foot
IMG000523.jpeg,hand
IMG000524.jpeg,hand
IMG000525.jpeg,humerus
IMG000526.jpeg,tibia
IMG000527.jpeg,tibia
IMG000528.jpeg,hand
IMG000529.jpeg,hand
IMG000530.jpeg,foot
IMG000531.jpeg,foot
IMG000532.jpeg,humerus
IMG000533.jpeg,humerus
IMG000534.jpeg,humerus
IMG000535.jpeg,humerus
IMG000536.jpeg,tibia
IMG000537.jpeg,tibia
IMG000538.jpeg,tibia
IMG000539.jpeg,tibia
IMG000540.jpeg,humerus
IMG000541.jpeg,humerus
IMG000542.jpeg,tibia
IMG000543.jpeg,tibia
IMG000544.jpeg,tibia
IMG000545.jpeg,tibia
IMG000546.jpeg,tibia
IMG000547.jpeg,tibia
IMG000548.jpeg,humerus
IMG000549.jpeg,humerus
IMG000550.jpeg,humerus
IMG000551.jpeg,humerus
IMG000552.jpeg,hip bone
IMG000553.jpeg,hip bone
IMG000554.jpeg,hip bone
IMG000555.jpeg,hand
IMG000556.jpeg,hand
IMG000557.jpeg,hand
IMG000558.jpeg,hand
IMG000559.jpeg,hand
IMG000560.jpeg,hand
IMG000561.jpeg,tibia
IMG000562.jpeg,"tibia,femur"
IMG000563.jpeg,foot
IMG000564.jpeg,hip bone
IMG000565.jpeg,hand
IMG000566.jpeg,hand
IMG000567.jpeg,tibia
IMG000568.jpeg,"humerus,shoulder-joint"
IMG000569.jpeg,"ulna,radius"
IMG000570.jpeg,"ulna,radius"
IMG000571.jpeg,"ulna,radius"
IMG000572.jpeg,"ulna,radius"
IMG000573.jpeg,"tibia,fibula"
IMG000574.jpeg,"tibia,fibula,femur"
IMG000575.jpeg,"tibia,fibula,femur"
IMG000576.jpeg,tibia
IMG000577.jpeg,foot
IMG000578.jpeg,tibia
IMG000579.jpeg,tibia
IMG000580.jpeg,tibia
IMG000581.jpeg,tibia
IMG000582.jpeg,foot
IMG000583.jpeg,tibia
IMG000584.jpeg,tibia
IMG000585.jpeg,hand
IMG000586.jpeg,hand
IMG000587.jpeg,tibia
IMG000588.jpeg,tibia
IMG000589.jpeg,foot
IMG000590.jpeg,foot
IMG000591.jpeg,tibia
IMG000592.jpeg,tibia
IMG000593.jpeg,fibula
IMG000594.jpeg,fibula
IMG000595.jpeg,fibula
IMG000596.jpeg,tibia
IMG000597.jpeg,tibia
IMG000598.jpeg,humerus
IMG000599.jpeg,humerus
IMG000600.jpeg,humerus
IMG000601.jpeg,tibia
IMG000602.jpeg,tibia
IMG000603.jpeg,humerus
IMG000604.jpeg,humerus
IMG000605.jpeg,hand
IMG000606.jpeg,hand
IMG000607.jpeg,tibia
IMG000608.jpeg,tibia
IMG000609.jpeg,hand
IMG000610.jpeg,hand
IMG000611.jpeg,hand
IMG000612.jpeg,fibula
IMG000613.jpeg,tibia
IMG000614.jpeg,tibia
IMG000615.jpeg,tibia
IMG000616.jpeg,tibia
IMG000617.jpeg,foot
IMG000618.jpeg,foot
IMG000619.jpeg,fibula
IMG000620.jpeg,fibula
IMG000621.jpeg,hip bone
IMG000622.jpeg,hip bone
IMG000623.jpeg,hip bone
IMG000624.jpeg,hip bone
IMG000625.jpeg,foot
IMG000626.jpeg,tibia
IMG000627.jpeg,tibia
IMG000628.jpeg,foot
IMG000629.jpeg,radius
IMG000630.jpeg,radius
IMG000631.jpeg,tibia
IMG000632.jpeg,tibia
IMG000633.jpeg,hand
IMG000634.jpeg,hand
IMG000635.jpeg,hand
IMG000636.jpeg,femur
IMG000637.jpeg,fibula
IMG000638.jpeg,tibia
IMG000639.jpeg,tibia
IMG000640.jpeg,femur
IMG000641.jpeg,fibula
IMG000642.jpeg,femur
IMG000643.jpeg,foot
IMG000644.jpeg,femur
IMG000645.jpeg,femur
IMG000646.jpeg,tibia
IMG000647.jpeg,tibia
IMG000648.jpeg,foot
IMG000649.jpeg,foot
IMG000650.jpeg,knee-joint
IMG000651.jpeg,knee-joint
IMG000652.jpeg,tibia
IMG000653.jpeg,femur
IMG000654.jpeg,femur
IMG000655.jpeg,femur
IMG000656.jpeg,femur
IMG000657.jpeg,femur
IMG000658.jpeg,hip bone
IMG000659.jpeg,"femur,hip bone"
IMG000660.jpeg,"tibia,fibula,femur"
IMG000661.jpeg,"tibia,fibula,femur,hip bone"
IMG000662.jpeg,"tibia,fibula,femur"
IMG000663.jpeg,"tibia,fibula,femur"
IMG000664.jpeg,"tibia,fibula,femur"
IMG000665.jpeg,"foot,tibia,fibula"
IMG000666.jpeg,"foot,tibia,fibula"
IMG000667.jpeg,"foot,tibia,fibula"
IMG000668.jpeg,"tibia,fibula,femur"
IMG000669.jpeg,"tibia,fibula,femur"
IMG000670.jpeg,"tibia,fibula,femur"
IMG000671.jpeg,humerus
IMG000672.jpeg,tibia
IMG000673.jpeg,femur
IMG000674.jpeg,foot
IMG000675.jpeg,foot
IMG000676.jpeg,foot
IMG000677.jpeg,humerus
IMG000678.jpeg,humerus
IMG000679.jpeg,tibia
IMG000680.jpeg,radius
IMG000681.jpeg,tibia
IMG000682.jpeg,tibia
IMG000683.jpeg,femur
IMG000684.jpeg,tibia
IMG000685.jpeg,tibia
IMG000686.jpeg,femur
IMG000687.jpeg,femur
IMG000688.jpeg,femur
IMG000689.jpeg,femur
IMG000690.jpeg,femur
IMG000691.jpeg,femur
IMG000692.jpeg,fibula
IMG000693.jpeg,hip bone
IMG000694.jpeg,femur
IMG000695.jpeg,femur
IMG000696.jpeg,femur
IMG000697.jpeg,femur
IMG000698.jpeg,fibula
IMG000699.jpeg,femur
IMG000700.jpeg,tibia
IMG000701.jpeg,tibia
IMG000702.jpeg,foot
IMG000703.jpeg,femur
IMG000704.jpeg,fibula
IMG000705.jpeg,fibula
IMG000706.jpeg,foot
IMG000707.jpeg,ulna
IMG000708.jpeg,foot
IMG000709.jpeg,foot
IMG000710.jpeg,foot
IMG000711.jpeg,foot
IMG000712.jpeg,foot
IMG000713.jpeg,foot
IMG000714.jpeg,tibia
IMG000715.jpeg,tibia
IMG000716.jpeg,"tibia,fibula,femur"
IMG000717.jpeg,"tibia,fibula,femur"
IMG000718.jpeg,"tibia,fibula,femur"
IMG000719.jpeg,"tibia,fibula,femur"
IMG000720.jpeg,humerus
IMG000721.jpeg,humerus
IMG000722.jpeg,tibia
IMG000723.jpeg,tibia
IMG000724.jpeg,foot
IMG000725.jpeg,femur
IMG000726.jpeg,femur
IMG000727.jpeg,femur
IMG000728.jpeg,tibia
IMG000729.jpeg,ulna
IMG000730.jpeg,ulna
IMG000731.jpeg,fibula
IMG000732.jpeg,femur
IMG000733.jpeg,femur
IMG000734.jpeg,femur
IMG000735.jpeg,femur
IMG000736.jpeg,femur
IMG000737.jpeg,femur
IMG000738.jpeg,femur
IMG000739.jpeg,hand
IMG000740.jpeg,hand
IMG000741.jpeg,fibula
IMG000742.jpeg,femur
IMG000743.jpeg,tibia
IMG000744.jpeg,tibia
IMG000745.jpeg,tibia
IMG000746.jpeg,tibia
IMG000747.jpeg,tibia
IMG000748.jpeg,fibula
IMG000749.jpeg,tibia
IMG000750.jpeg,fibula
IMG000751.jpeg,fibula
IMG000752.jpeg,tibia
IMG000753.jpeg,tibia
IMG000754.jpeg,ulna
IMG000755.jpeg,ulna
IMG000756.jpeg,tibia
IMG000757.jpeg,tibia
IMG000758.jpeg,hand
IMG000759.jpeg,hand
IMG000760.jpeg,tibia
IMG000761.jpeg,tibia
IMG000762.jpeg,tibia
IMG000763.jpeg,tibia
IMG000764.jpeg,tibia
IMG000765.jpeg,tibia
IMG000766.jpeg,tibia
IMG000767.jpeg,tibia
IMG000768.jpeg,tibia
IMG000769.jpeg,femur
IMG000770.jpeg,femur
IMG000771.jpeg,humerus
IMG000772.jpeg,humerus
IMG000773.jpeg,humerus
IMG000774.jpeg,femur
IMG000775.jpeg,femur
IMG000776.jpeg,femur
IMG000777.jpeg,fibula
IMG000778.jpeg,fibula
IMG000779.jpeg,femur
IMG000780.jpeg,tibia
IMG000781.jpeg,femur
IMG000782.jpeg,femur
IMG000783.jpeg,femur
IMG000784.jpeg,femur
IMG000785.jpeg,foot
IMG000786.jpeg,foot
IMG000787.jpeg,humerus
IMG000788.jpeg,tibia
IMG000789.jpeg,tibia
IMG000790.jpeg,femur
IMG000791.jpeg,femur
IMG000792.jpeg,femur
IMG000793.jpeg,femur
IMG000794.jpeg,femur
IMG000795.jpeg,shoulder-joint
IMG000796.jpeg,hand
IMG000797.jpeg,hand
IMG000798.jpeg,femur
IMG000799.jpeg,femur
IMG000800.jpeg,humerus
IMG000801.jpeg,humerus
IMG000802.jpeg,femur
IMG000803.jpeg,femur
IMG000804.jpeg,knee-joint
IMG000805.jpeg,knee-joint
IMG000806.jpeg,knee-joint
IMG000807.jpeg,tibia
IMG000808.jpeg,tibia
IMG000809.jpeg,tibia
IMG000810.jpeg,tibia
IMG000811.jpeg,femur
IMG000812.jpeg,femur
IMG000813.jpeg,femur
IMG000814.jpeg,tibia
IMG000815.jpeg,tibia
IMG000816.jpeg,"tibia,fibula,femur"
IMG000817.jpeg,"tibia,fibula,femur"
IMG000818.jpeg,"tibia,fibula,femur"
IMG000819.jpeg,femur
IMG000820.jpeg,femur
IMG000821.jpeg,tibia
IMG000822.jpeg,tibia
IMG000823.jpeg,tibia
IMG000824.jpeg,ulna
IMG000825.jpeg,hand
IMG000826.jpeg,hand
IMG000827.jpeg,femur
IMG000828.jpeg,femur
IMG000829.jpeg,femur
IMG000830.jpeg,femur
IMG000831.jpeg,hip bone
IMG000832.jpeg,femur
IMG000833.jpeg,femur
IMG000834.jpeg,femur
IMG000835.jpeg,hip bone
IMG000836.jpeg,humerus
IMG000837.jpeg,humerus
IMG000838.jpeg,hip bone
IMG000839.jpeg,radius
IMG000840.jpeg,radius
IMG000841.jpeg,femur
IMG000842.jpeg,femur
IMG000843.jpeg,shoulder-joint
IMG000844.jpeg,femur
IMG000845.jpeg,femur
IMG000846.jpeg,fibula
IMG000847.jpeg,fibula
IMG000848.jpeg,femur
IMG000849.jpeg,tibia
IMG000850.jpeg,tibia
IMG000851.jpeg,ulna
IMG000852.jpeg,hand
IMG000853.jpeg,tibia
IMG000854.jpeg,tibia
IMG000855.jpeg,tibia
IMG000856.jpeg,tibia
IMG000857.jpeg,fibula
IMG000858.jpeg,tibia
IMG000859.jpeg,tibia
IMG000860.jpeg,femur
IMG000861.jpeg,foot
IMG000862.jpeg,femur
IMG000863.jpeg,ulna
IMG000864.jpeg,femur
IMG000865.jpeg,femur
IMG000866.jpeg,tibia
IMG000867.jpeg,tibia
IMG000868.jpeg,humerus
IMG000869.jpeg,humerus
IMG000870.jpeg,fibula
IMG000871.jpeg,fibula
IMG000872.jpeg,femur
IMG000873.jpeg,femur
IMG000874.jpeg,femur
IMG000875.jpeg,humerus
IMG000876.jpeg,fibula
IMG000877.jpeg,hand
IMG000878.jpeg,tibia
IMG000879.jpeg,tibia
IMG000880.jpeg,foot
IMG000881.jpeg,tibia
IMG000882.jpeg,fibula
IMG000883.jpeg,fibula
IMG000884.jpeg,fibula
IMG000885.jpeg,fibula
IMG000886.jpeg,tibia
IMG000887.jpeg,tibia
IMG000888.jpeg,tibia
IMG000889.jpeg,tibia
IMG000890.jpeg,tibia
IMG000891.jpeg,tibia
IMG000892.jpeg,tibia
IMG000893.jpeg,tibia
IMG000894.jpeg,tibia
IMG000895.jpeg,"tibia,femur"
IMG000896.jpeg,radius
IMG000897.jpeg,tibia
IMG000898.jpeg,tibia
IMG000899.jpeg,shoulder-joint
IMG000900.jpeg,radius
IMG000901.jpeg,radius
IMG000902.jpeg,tibia
IMG000903.jpeg,tibia
IMG000904.jpeg,tibia
IMG000905.jpeg,tibia
IMG000906.jpeg,tibia
IMG000907.jpeg,tibia
IMG000908.jpeg,tibia
IMG000909.jpeg,tibia
IMG000910.jpeg,tibia
IMG000911.jpeg,tibia
IMG000912.jpeg,tibia
IMG000913.jpeg,"tibia,fibula,femur"
IMG000914.jpeg,"tibia,fibula,femur"
IMG000915.jpeg,"tibia,fibula,femur"
IMG000916.jpeg,"tibia,fibula,femur"
IMG000917.jpeg,foot
IMG000918.jpeg,fibula
IMG000919.jpeg,fibula
IMG000920.jpeg,fibula
IMG000921.jpeg,fibula
IMG000922.jpeg,radius
IMG000923.jpeg,tibia
IMG000924.jpeg,tibia
IMG000925.jpeg,femur
IMG000926.jpeg,tibia
IMG000927.jpeg,tibia
IMG000928.jpeg,fibula
IMG000929.jpeg,foot
IMG000930.jpeg,tibia
IMG000931.jpeg,tibia
IMG000932.jpeg,tibia
IMG000933.jpeg,tibia
IMG000934.jpeg,tibia
IMG000935.jpeg,tibia
IMG000936.jpeg,"tibia,fibula,femur"
IMG000937.jpeg,"tibia,fibula,femur"
IMG000938.jpeg,"tibia,fibula,femur"
IMG000939.jpeg,ulna
IMG000940.jpeg,ulna
IMG000941.jpeg,"ulna,radius"
IMG000942.jpeg,"ulna,radius"
IMG000943.jpeg,"fibula,femur"
IMG000944.jpeg,"tibia,fibula,femur"
IMG000945.jpeg,"fibula,femur"
IMG000946.jpeg,"tibia,fibula,femur"
IMG000947.jpeg,tibia
IMG000948.jpeg,tibia
IMG000949.jpeg,tibia
IMG000950.jpeg,hip bone
IMG000951.jpeg,fibula
IMG000952.jpeg,fibula
IMG000953.jpeg,fibula
IMG000954.jpeg,tibia
IMG000955.jpeg,tibia
IMG000956.jpeg,tibia
IMG000957.jpeg,tibia
IMG000958.jpeg,tibia
IMG000959.jpeg,tibia
IMG000960.jpeg,humerus
IMG000961.jpeg,humerus
IMG000962.jpeg,"tibia,fibula,femur"
IMG000963.jpeg,humerus
IMG000964.jpeg,"ulna,humerus"
IMG000965.jpeg,ulna
IMG000966.jpeg,humerus
IMG000967.jpeg,femur
IMG000968.jpeg,femur
IMG000969.jpeg,"tibia,fibula,femur"
IMG000970.jpeg,"tibia,fibula"
IMG000971.jpeg,fibula
IMG000972.jpeg,humerus
IMG000973.jpeg,radius
IMG000974.jpeg,tibia
IMG000975.jpeg,hand
IMG000976.jpeg,hand
IMG000977.jpeg,humerus
IMG000978.jpeg,humerus
IMG000979.jpeg,tibia
IMG000980.jpeg,tibia
IMG000981.jpeg,foot
IMG000982.jpeg,tibia
IMG000983.jpeg,tibia
IMG000984.jpeg,tibia
IMG000985.jpeg,femur
IMG000986.jpeg,femur
IMG000987.jpeg,femur
IMG000988.jpeg,tibia
IMG000989.jpeg,tibia
IMG000990.jpeg,tibia
IMG000991.jpeg,tibia
IMG000992.jpeg,tibia
IMG000993.jpeg,tibia
IMG000994.jpeg,"tibia,fibula,femur"
IMG000995.jpeg,"tibia,fibula,femur"
IMG000996.jpeg,tibia
IMG000997.jpeg,"tibia,fibula"
IMG000998.jpeg,"tibia,fibula,femur"
IMG000999.jpeg,humerus
IMG001000.jpeg,humerus
IMG001001.jpeg,humerus
IMG001002.jpeg,fibula
IMG001003.jpeg,"ulna,radius,humerus"
IMG001004.jpeg,radius
IMG001005.jpeg,ulna
IMG001006.jpeg,"ulna,radius"
IMG001007.jpeg,"tibia,fibula"
IMG001008.jpeg,femur
IMG001009.jpeg,femur
IMG001010.jpeg,femur
IMG001011.jpeg,hand
IMG001012.jpeg,hand
IMG001013.jpeg,femur
IMG001014.jpeg,femur
IMG001015.jpeg,femur
IMG001016.jpeg,femur
IMG001017.jpeg,radius
IMG001018.jpeg,femur
IMG001019.jpeg,femur
IMG001020.jpeg,humerus
IMG001021.jpeg,humerus
IMG001022.jpeg,tibia
IMG001023.jpeg,tibia
IMG001024.jpeg,humerus
IMG001025.jpeg,tibia
IMG001026.jpeg,fibula
IMG001027.jpeg,tibia
IMG001028.jpeg,tibia
IMG001029.jpeg,tibia
IMG001030.jpeg,femur
IMG001031.jpeg,tibia
IMG001032.jpeg,tibia
IMG001033.jpeg,tibia
IMG001034.jpeg,tibia
IMG001035.jpeg,tibia
IMG001036.jpeg,tibia
IMG001037.jpeg,tibia
IMG001038.jpeg,tibia
IMG001039.jpeg,foot
IMG001040.jpeg,femur
IMG001041.jpeg,femur
IMG001042.jpeg,tibia
IMG001043.jpeg,tibia
IMG001044.jpeg,tibia
IMG001045.jpeg,tibia
IMG001046.jpeg,fibula
IMG001047.jpeg,tibia
IMG001048.jpeg,tibia
IMG001049.jpeg,fibula
IMG001050.jpeg,femur
IMG001051.jpeg,femur
IMG001052.jpeg,humerus
IMG001053.jpeg,humerus
IMG001054.jpeg,femur
IMG001055.jpeg,femur
IMG001056.jpeg,hip bone
IMG001057.jpeg,tibia
IMG001058.jpeg,tibia
IMG001059.jpeg,tibia
IMG001060.jpeg,tibia
IMG001061.jpeg,tibia
IMG001062.jpeg,tibia
IMG001063.jpeg,tibia
IMG001064.jpeg,tibia
IMG001065.jpeg,tibia
IMG001066.jpeg,tibia
IMG001067.jpeg,tibia
IMG001068.jpeg,tibia
IMG001069.jpeg,radius
IMG001070.jpeg,fibula
IMG001071.jpeg,fibula
IMG001072.jpeg,tibia
IMG001073.jpeg,tibia
IMG001074.jpeg,tibia
IMG001075.jpeg,tibia
IMG001076.jpeg,tibia
IMG001077.jpeg,tibia
IMG001078.jpeg,tibia
IMG001079.jpeg,tibia
IMG001080.jpeg,tibia
IMG001081.jpeg,"tibia,fibula"
IMG001082.jpeg,"tibia,fibula"
IMG001083.jpeg,"tibia,femur"
IMG001084.jpeg,tibia
IMG001085.jpeg,fibula
IMG001086.jpeg,fibula
IMG001087.jpeg,"tibia,fibula"
IMG001088.jpeg,"tibia,fibula"
IMG001089.jpeg,"tibia,fibula"
IMG001090.jpeg,ulna
IMG001091.jpeg,ulna
IMG001092.jpeg,"tibia,fibula,femur"
IMG001093.jpeg,"tibia,fibula"
IMG001094.jpeg,"tibia,fibula,femur"
IMG001095.jpeg,tibia
IMG001096.jpeg,tibia
IMG001097.jpeg,femur
IMG001098.jpeg,femur
IMG001099.jpeg,"tibia,fibula,hip bone"
IMG001100.jpeg,femur
IMG001101.jpeg,femur
IMG001102.jpeg,femur
IMG001103.jpeg,femur
IMG001104.jpeg,"tibia,fibula"
IMG001105.jpeg,"tibia,femur"
IMG001106.jpeg,"tibia,fibula,femur"
IMG001107.jpeg,fibula
IMG001108.jpeg,femur
IMG001109.jpeg,femur
IMG001110.jpeg,femur
IMG001111.jpeg,tibia
IMG001112.jpeg,tibia
IMG001113.jpeg,tibia
IMG001114.jpeg,radius
IMG001115.jpeg,radius
IMG001116.jpeg,hip bone
IMG001117.jpeg,femur
IMG001118.jpeg,femur
IMG001119.jpeg,knee-joint
IMG001120.jpeg,"femur,hip bone"
IMG001121.jpeg,fibula
IMG001122.jpeg,fibula
IMG001123.jpeg,hip bone
IMG001124.jpeg,tibia
IMG001125.jpeg,tibia
IMG001126.jpeg,shoulder-joint
IMG001127.jpeg,shoulder-joint
IMG001128.jpeg,hip bone
IMG001129.jpeg,hip bone
IMG001130.jpeg,tibia
IMG001131.jpeg,knee-joint
IMG001132.jpeg,knee-joint
IMG001133.jpeg,"tibia,fibula"
IMG001134.jpeg,humerus
IMG001135.jpeg,humerus
IMG001136.jpeg,ulna
IMG001137.jpeg,femur
IMG001138.jpeg,femur
IMG001139.jpeg,fibula
IMG001140.jpeg,tibia
IMG001141.jpeg,tibia
IMG001142.jpeg,"tibia,fibula,femur"
IMG001143.jpeg,"tibia,fibula,femur"
IMG001144.jpeg,tibia
IMG001145.jpeg,femur
IMG001146.jpeg,femur
IMG001147.jpeg,tibia
IMG001148.jpeg,tibia
IMG001149.jpeg,ulna
IMG001150.jpeg,ulna
IMG001151.jpeg,femur
IMG001152.jpeg,femur
IMG001153.jpeg,tibia
IMG001154.jpeg,tibia
IMG001155.jpeg,femur
IMG001156.jpeg,femur
IMG001157.jpeg,femur
IMG001158.jpeg,femur
IMG001159.jpeg,femur
IMG001160.jpeg,femur
IMG001161.jpeg,femur
IMG001162.jpeg,femur
IMG001163.jpeg,femur
IMG001164.jpeg,femur
IMG001165.jpeg,tibia
IMG001166.jpeg,tibia
IMG001167.jpeg,tibia
IMG001168.jpeg,fibula
IMG001169.jpeg,tibia
IMG001170.jpeg,hand
IMG001171.jpeg,hand
IMG001172.jpeg,"humerus,shoulder-joint"
IMG001173.jpeg,"humerus,shoulder-joint"
IMG001174.jpeg,femur
IMG001175.jpeg,tibia
IMG001176.jpeg,tibia
IMG001177.jpeg,tibia
IMG001178.jpeg,humerus
IMG001179.jpeg,humerus
IMG001180.jpeg,femur
IMG001181.jpeg,femur
IMG001182.jpeg,knee-joint
IMG001183.jpeg,knee-joint
IMG001184.jpeg,tibia
IMG001185.jpeg,tibia
IMG001186.jpeg,knee-joint
IMG001187.jpeg,knee-joint
IMG001188.jpeg,radius
IMG001189.jpeg,radius
IMG001190.jpeg,knee-joint
IMG001191.jpeg,knee-joint
IMG001192.jpeg,tibia
IMG001193.jpeg,tibia
IMG001194.jpeg,knee-joint
IMG001195.jpeg,knee-joint
IMG001196.jpeg,knee-joint
IMG001197.jpeg,knee-joint
IMG001198.jpeg,knee-joint
IMG001199.jpeg,knee-joint
IMG001200.jpeg,foot
IMG001201.jpeg,"hip bone,hip-joint"
IMG001202.jpeg,radius
IMG001203.jpeg,elbow-joint
IMG001204.jpeg,knee-joint
IMG001205.jpeg,knee-joint
IMG001206.jpeg,tibia
IMG001207.jpeg,elbow-joint
IMG001208.jpeg,elbow-joint
IMG001209.jpeg,elbow-joint
IMG001210.jpeg,elbow-joint
IMG001211.jpeg,tibia
IMG001212.jpeg,tibia
IMG001213.jpeg,tibia
IMG001214.jpeg,humerus
IMG001215.jpeg,hip-joint
IMG001216.jpeg,hip-joint
IMG001217.jpeg,tibia
IMG001218.jpeg,tibia
IMG001219.jpeg,femur
IMG001220.jpeg,knee-joint
IMG001221.jpeg,knee-joint
IMG001222.jpeg,knee-joint
IMG001223.jpeg,tibia
IMG001224.jpeg,tibia
IMG001225.jpeg,humerus
IMG001226.jpeg,fibula
IMG001227.jpeg,tibia
IMG001228.jpeg,knee-joint
IMG001229.jpeg,knee-joint
IMG001230.jpeg,knee-joint
IMG001231.jpeg,femur
IMG001232.jpeg,tibia
IMG001233.jpeg,knee-joint
IMG001234.jpeg,knee-joint
IMG001235.jpeg,tibia
IMG001236.jpeg,knee-joint
IMG001237.jpeg,knee-joint
IMG001238.jpeg,knee-joint
IMG001239.jpeg,knee-joint
IMG001240.jpeg,tibia
IMG001241.jpeg,knee-joint
IMG001242.jpeg,knee-joint
IMG001243.jpeg,"ulna,radius"
IMG001244.jpeg,"ulna,radius"
IMG001245.jpeg,"tibia,fibula"
IMG001246.jpeg,"tibia,fibula,femur"
IMG001247.jpeg,fibula
IMG001248.jpeg,hand
IMG001249.jpeg,radius
IMG001250.jpeg,foot
IMG001251.jpeg,hand
IMG001252.jpeg,tibia
IMG001253.jpeg,tibia
IMG001254.jpeg,fibula
IMG001255.jpeg,tibia
IMG001256.jpeg,tibia
IMG001257.jpeg,fibula
IMG001258.jpeg,tibia
IMG001259.jpeg,tibia
IMG001260.jpeg,tibia
IMG001261.jpeg,tibia
IMG001262.jpeg,fibula
IMG001263.jpeg,hip bone
IMG001264.jpeg,hip bone
IMG001265.jpeg,tibia
IMG001266.jpeg,tibia
IMG001267.jpeg,humerus
IMG001268.jpeg,humerus
IMG001269.jpeg,fibula
IMG001270.jpeg,femur
IMG001271.jpeg,femur
IMG001272.jpeg,hand
IMG001273.jpeg,tibia
IMG001274.jpeg,fibula
IMG001275.jpeg,tibia
IMG001276.jpeg,knee-joint
IMG001277.jpeg,fibula
IMG001278.jpeg,fibula
IMG001279.jpeg,fibula
IMG001280.jpeg,humerus
IMG001281.jpeg,"ulna,radius,humerus"
IMG001282.jpeg,femur
IMG001283.jpeg,"tibia,fibula"
IMG001284.jpeg,tibia
IMG001285.jpeg,tibia
IMG001286.jpeg,tibia
IMG001287.jpeg,femur
IMG001288.jpeg,femur
IMG001289.jpeg,"femur,hip bone"
IMG001290.jpeg,femur
IMG001291.jpeg,hand
IMG001292.jpeg,hand
IMG001293.jpeg,tibia
IMG001294.jpeg,tibia
IMG001295.jpeg,tibia
IMG001296.jpeg,tibia
IMG001297.jpeg,tibia
IMG001298.jpeg,tibia
IMG001299.jpeg,tibia
IMG001300.jpeg,fibula
IMG001301.jpeg,"tibia,fibula,femur"
IMG001302.jpeg,"tibia,fibula,femur"
IMG001303.jpeg,tibia
IMG001304.jpeg,tibia
IMG001305.jpeg,"tibia,fibula"
IMG001306.jpeg,"tibia,fibula,femur"
IMG001307.jpeg,tibia
IMG001308.jpeg,tibia
IMG001309.jpeg,tibia
IMG001310.jpeg,tibia
IMG001311.jpeg,tibia
IMG001312.jpeg,tibia
IMG001313.jpeg,humerus
IMG001314.jpeg,humerus
IMG001315.jpeg,femur
IMG001316.jpeg,fibula
IMG001317.jpeg,tibia
IMG001318.jpeg,tibia
IMG001319.jpeg,tibia
IMG001320.jpeg,foot
IMG001321.jpeg,foot
IMG001322.jpeg,tibia
IMG001323.jpeg,tibia
IMG001324.jpeg,tibia
IMG001325.jpeg,fibula
IMG001326.jpeg,fibula
IMG001327.jpeg,tibia
IMG001328.jpeg,tibia
IMG001329.jpeg,foot
IMG001330.jpeg,tibia
IMG001331.jpeg,tibia
IMG001332.jpeg,tibia
IMG001333.jpeg,hand
IMG001334.jpeg,hand
IMG001335.jpeg,tibia
IMG001336.jpeg,femur
IMG001337.jpeg,femur
IMG001338.jpeg,foot
IMG001339.jpeg,tibia
IMG001340.jpeg,tibia
IMG001341.jpeg,tibia
IMG001342.jpeg,tibia
IMG001343.jpeg,femur
IMG001344.jpeg,"tibia,femur"
IMG001345.jpeg,femur
IMG001346.jpeg,"tibia,fibula,femur"
IMG001347.jpeg,"tibia,fibula,femur"
IMG001348.jpeg,"tibia,fibula,femur"
IMG001349.jpeg,tibia
IMG001350.jpeg,femur
IMG001351.jpeg,femur
IMG001352.jpeg,humerus
IMG001353.jpeg,humerus
IMG001354.jpeg,tibia
IMG001355.jpeg,tibia
IMG001356.jpeg,"ulna,radius"
IMG001357.jpeg,humerus
IMG001358.jpeg,tibia
IMG001359.jpeg,"ulna,radius"
IMG001360.jpeg,"tibia,fibula,femur"
IMG001361.jpeg,humerus
IMG001362.jpeg,humerus
IMG001363.jpeg,femur
IMG001364.jpeg,femur
IMG001365.jpeg,humerus
IMG001366.jpeg,humerus
IMG001367.jpeg,humerus
IMG001368.jpeg,radius
IMG001369.jpeg,tibia
IMG001370.jpeg,tibia
IMG001371.jpeg,femur
IMG001372.jpeg,tibia
IMG001373.jpeg,tibia
IMG001374.jpeg,femur
IMG001375.jpeg,humerus
IMG001376.jpeg,humerus
IMG001377.jpeg,humerus
IMG001378.jpeg,humerus
IMG001379.jpeg,humerus
IMG001380.jpeg,humerus
IMG001381.jpeg,humerus
IMG001382.jpeg,"ulna,radius"
IMG001383.jpeg,"ulna,radius"
IMG001384.jpeg,tibia
IMG001385.jpeg,tibia
IMG001386.jpeg,tibia
IMG001387.jpeg,tibia
IMG001388.jpeg,femur
IMG001389.jpeg,femur
IMG001390.jpeg,fibula
IMG001391.jpeg,"tibia,fibula,femur"
IMG001392.jpeg,tibia
IMG001393.jpeg,femur
IMG001394.jpeg,humerus
IMG001395.jpeg,femur
IMG001396.jpeg,femur
IMG001397.jpeg,femur
IMG001398.jpeg,femur
IMG001399.jpeg,femur
IMG001400.jpeg,ulna
IMG001401.jpeg,ulna
IMG001402.jpeg,tibia
IMG001403.jpeg,hand
IMG001404.jpeg,hand
IMG001405.jpeg,humerus
IMG001406.jpeg,hip bone
IMG001407.jpeg,femur
IMG001408.jpeg,femur
IMG001409.jpeg,femur
IMG001410.jpeg,femur
IMG001411.jpeg,femur
IMG001412.jpeg,femur
IMG001413.jpeg,tibia
IMG001414.jpeg,femur
IMG001415.jpeg,femur
IMG001416.jpeg,"tibia,fibula,femur"
IMG001417.jpeg,foot
IMG001418.jpeg,foot
IMG001419.jpeg,femur
IMG001420.jpeg,femur
IMG001421.jpeg,humerus
IMG001422.jpeg,femur
IMG001423.jpeg,femur
IMG001424.jpeg,"tibia,fibula,femur"
IMG001425.jpeg,tibia
IMG001426.jpeg,femur
IMG001427.jpeg,femur
IMG001428.jpeg,femur
IMG001429.jpeg,femur
IMG001430.jpeg,humerus
IMG001431.jpeg,humerus
IMG001432.jpeg,tibia
IMG001433.jpeg,tibia
IMG001434.jpeg,tibia
IMG001435.jpeg,humerus
IMG001436.jpeg,humerus
IMG001437.jpeg,"femur,hip bone"
IMG001438.jpeg,"tibia,fibula,femur"
IMG001439.jpeg,humerus
IMG001440.jpeg,"ulna,radius"
IMG001441.jpeg,"ulna,radius"
IMG001442.jpeg,humerus
IMG001443.jpeg,humerus
IMG001444.jpeg,hip bone
IMG001445.jpeg,"ulna,radius"
IMG001446.jpeg,femur
IMG001447.jpeg,femur
IMG001448.jpeg,radius
IMG001449.jpeg,femur
IMG001450.jpeg,tibia
IMG001451.jpeg,tibia
IMG001452.jpeg,tibia
IMG001453.jpeg,tibia
IMG001454.jpeg,tibia
IMG001455.jpeg,humerus
IMG001456.jpeg,femur
IMG001457.jpeg,femur
IMG001458.jpeg,femur
IMG001459.jpeg,femur
IMG001460.jpeg,ulna
IMG001461.jpeg,ulna
IMG001462.jpeg,humerus
IMG001463.jpeg,humerus
IMG001464.jpeg,"tibia,fibula"
IMG001465.jpeg,"tibia,fibula"
IMG001466.jpeg,femur
IMG001467.jpeg,femur
IMG001468.jpeg,tibia
IMG001469.jpeg,femur
IMG001470.jpeg,femur
IMG001471.jpeg,femur
IMG001472.jpeg,femur
IMG001473.jpeg,femur
IMG001474.jpeg,femur
IMG001475.jpeg,femur
IMG001476.jpeg,fibula
IMG001477.jpeg,"tibia,fibula,femur"
IMG001478.jpeg,"tibia,fibula,femur"
IMG001479.jpeg,femur
IMG001480.jpeg,femur
IMG001481.jpeg,femur
IMG001482.jpeg,femur
IMG001483.jpeg,tibia
IMG001484.jpeg,humerus
IMG001485.jpeg,humerus
IMG001486.jpeg,tibia
IMG001487.jpeg,tibia
IMG001488.jpeg,hand
IMG001489.jpeg,hand
IMG001490.jpeg,femur
IMG001491.jpeg,femur
IMG001492.jpeg,fibula
IMG001493.jpeg,radius
IMG001494.jpeg,radius
IMG001495.jpeg,tibia
IMG001496.jpeg,tibia
IMG001497.jpeg,tibia
IMG001498.jpeg,tibia
IMG001499.jpeg,femur
IMG001500.jpeg,femur
IMG001501.jpeg,femur
IMG001502.jpeg,femur
IMG001503.jpeg,fibula
IMG001504.jpeg,"tibia,fibula"
IMG001505.jpeg,fibula
IMG001506.jpeg,fibula
IMG001507.jpeg,fibula
IMG001508.jpeg,femur
IMG001509.jpeg,femur
IMG001510.jpeg,femur
IMG001511.jpeg,femur
IMG001512.jpeg,femur
IMG001513.jpeg,femur
IMG001514.jpeg,"tibia,fibula,femur"
IMG001515.jpeg,tibia
IMG001516.jpeg,tibia
IMG001517.jpeg,"tibia,fibula,femur"
IMG001518.jpeg,femur
IMG001519.jpeg,femur
IMG001520.jpeg,femur
IMG001521.jpeg,femur
IMG001522.jpeg,hand
IMG001523.jpeg,hand
IMG001524.jpeg,tibia
IMG001525.jpeg,tibia
IMG001526.jpeg,tibia
IMG001527.jpeg,"tibia,fibula,femur"
IMG001528.jpeg,"tibia,fibula,femur"
IMG001529.jpeg,"tibia,fibula,femur"
IMG001530.jpeg,"tibia,fibula,femur"
IMG001531.jpeg,femur
IMG001532.jpeg,femur
IMG001533.jpeg,femur
IMG001534.jpeg,femur
IMG001535.jpeg,femur
IMG001536.jpeg,tibia
IMG001537.jpeg,tibia
IMG001538.jpeg,tibia
IMG001539.jpeg,tibia
IMG001540.jpeg,hand
IMG001541.jpeg,hand
IMG001542.jpeg,hand
IMG001543.jpeg,femur
IMG001544.jpeg,femur
IMG001545.jpeg,femur
IMG001546.jpeg,femur
IMG001547.jpeg,foot
IMG001548.jpeg,foot
IMG001549.jpeg,femur
IMG001550.jpeg,femur
IMG001551.jpeg,ulna
IMG001552.jpeg,femur
IMG001553.jpeg,femur
IMG001554.jpeg,femur
IMG001555.jpeg,"tibia,fibula,femur"
IMG001556.jpeg,femur
IMG001557.jpeg,tibia
IMG001558.jpeg,femur
IMG001559.jpeg,femur
IMG001560.jpeg,hand
IMG001561.jpeg,tibia
IMG001562.jpeg,tibia
IMG001563.jpeg,"tibia,fibula,femur"
IMG001564.jpeg,"femur,hip bone"
IMG001565.jpeg,"tibia,fibula,femur"
IMG001566.jpeg,fibula
IMG001567.jpeg,fibula
IMG001568.jpeg,tibia
IMG001569.jpeg,tibia
IMG001570.jpeg,tibia
IMG001571.jpeg,tibia
IMG001572.jpeg,hip bone
IMG001573.jpeg,femur
IMG001574.jpeg,femur
IMG001575.jpeg,fibula
IMG001576.jpeg,fibula
IMG001577.jpeg,fibula
IMG001578.jpeg,ulna
IMG001579.jpeg,ulna
IMG001580.jpeg,hand
IMG001581.jpeg,hand
IMG001582.jpeg,fibula
IMG001583.jpeg,hip bone
IMG001584.jpeg,ankle-joint
IMG001585.jpeg,ankle-joint
IMG001586.jpeg,humerus
IMG001587.jpeg,humerus
IMG001588.jpeg,femur
IMG001589.jpeg,femur
IMG001590.jpeg,"tibia,fibula,femur"
IMG001591.jpeg,"tibia,fibula,femur"
IMG001592.jpeg,"tibia,fibula,femur"
IMG001593.jpeg,femur
IMG001594.jpeg,femur
IMG001595.jpeg,femur
IMG001596.jpeg,femur
IMG001597.jpeg,tibia
IMG001598.jpeg,tibia
IMG001599.jpeg,humerus
IMG001600.jpeg,humerus
IMG001601.jpeg,humerus
IMG001602.jpeg,tibia
IMG001603.jpeg,tibia
IMG001604.jpeg,fibula
IMG001605.jpeg,"ulna,radius"
IMG001606.jpeg,femur
IMG001607.jpeg,femur
IMG001608.jpeg,humerus
IMG001609.jpeg,humerus
IMG001610.jpeg,tibia
IMG001611.jpeg,tibia
IMG001612.jpeg,humerus
IMG001613.jpeg,tibia
IMG001614.jpeg,femur
IMG001615.jpeg,femur
IMG001616.jpeg,femur
IMG001617.jpeg,humerus
IMG001618.jpeg,humerus
IMG001619.jpeg,humerus
IMG001620.jpeg,humerus
IMG001621.jpeg,humerus
IMG001622.jpeg,ulna
IMG001623.jpeg,ulna
IMG001624.jpeg,radius
IMG001625.jpeg,tibia
IMG001626.jpeg,femur
IMG001627.jpeg,ulna
IMG001628.jpeg,tibia
IMG001629.jpeg,tibia
IMG001630.jpeg,humerus
IMG001631.jpeg,humerus
IMG001632.jpeg,foot
IMG001633.jpeg,tibia
IMG001634.jpeg,femur
IMG001635.jpeg,fibula
IMG001636.jpeg,"ulna,radius,humerus"
IMG001637.jpeg,"radius,humerus"
IMG001638.jpeg,femur
IMG001639.jpeg,radius
IMG001640.jpeg,humerus
IMG001641.jpeg,humerus
IMG001642.jpeg,"tibia,fibula,femur"
IMG001643.jpeg,radius
IMG001644.jpeg,tibia
IMG001645.jpeg,tibia
IMG001646.jpeg,femur
IMG001647.jpeg,femur
IMG001648.jpeg,humerus
IMG001649.jpeg,femur
IMG001650.jpeg,femur
IMG001651.jpeg,femur
IMG001652.jpeg,femur
IMG001653.jpeg,tibia
IMG001654.jpeg,tibia
IMG001655.jpeg,fibula
IMG001656.jpeg,fibula
IMG001657.jpeg,hip bone
IMG001658.jpeg,humerus
IMG001659.jpeg,humerus
IMG001660.jpeg,humerus
IMG001661.jpeg,radius
IMG001662.jpeg,"tibia,fibula,femur"
IMG001663.jpeg,"tibia,fibula,femur"
IMG001664.jpeg,radius
IMG001665.jpeg,humerus
IMG001666.jpeg,femur
IMG001667.jpeg,humerus
IMG001668.jpeg,humerus
IMG001669.jpeg,"tibia,femur"
IMG001670.jpeg,humerus
IMG001671.jpeg,humerus
IMG001672.jpeg,fibula
IMG001673.jpeg,humerus
IMG001674.jpeg,femur
IMG001675.jpeg,femur
IMG001676.jpeg,hand
IMG001677.jpeg,hand
IMG001678.jpeg,hand
IMG001679.jpeg,humerus
IMG001680.jpeg,humerus
IMG001681.jpeg,femur
IMG001682.jpeg,femur
IMG001683.jpeg,humerus
IMG001684.jpeg,humerus
IMG001685.jpeg,humerus
IMG001686.jpeg,"tibia,fibula,femur"
IMG001687.jpeg,"tibia,fibula,femur"
IMG001688.jpeg,"tibia,fibula,femur"
IMG001689.jpeg,tibia
IMG001690.jpeg,humerus
IMG001691.jpeg,humerus
IMG001692.jpeg,"tibia,fibula,femur"
IMG001693.jpeg,"tibia,fibula,femur"
IMG001694.jpeg,humerus
IMG001695.jpeg,"tibia,fibula,femur"
IMG001696.jpeg,"femur,hip bone"
IMG001697.jpeg,humerus
IMG001698.jpeg,tibia
IMG001699.jpeg,foot
IMG001700.jpeg,radius
IMG001701.jpeg,radius
IMG001702.jpeg,humerus
IMG001703.jpeg,humerus
IMG001704.jpeg,femur
IMG001705.jpeg,femur
IMG001706.jpeg,"tibia,fibula,femur"
IMG001707.jpeg,femur
IMG001708.jpeg,foot
IMG001709.jpeg,tibia
IMG001710.jpeg,tibia
IMG001711.jpeg,"tibia,fibula,femur"
IMG001712.jpeg,"tibia,fibula,femur"
IMG001713.jpeg,tibia
IMG001714.jpeg,tibia
IMG001715.jpeg,"tibia,fibula,femur"
IMG001716.jpeg,hip bone
IMG001717.jpeg,tibia
IMG001718.jpeg,tibia
IMG001719.jpeg,tibia
IMG001720.jpeg,tibia
IMG001721.jpeg,tibia
IMG001722.jpeg,tibia
IMG001723.jpeg,hand
IMG001724.jpeg,femur
IMG001725.jpeg,foot
IMG001726.jpeg,fibula
IMG001727.jpeg,fibula
IMG001728.jpeg,fibula
IMG001729.jpeg,tibia
IMG001730.jpeg,tibia
IMG001731.jpeg,foot
IMG001732.jpeg,foot
IMG001733.jpeg,femur
IMG001734.jpeg,fibula
IMG001735.jpeg,hip bone
IMG001736.jpeg,hip bone
IMG001737.jpeg,foot
IMG001738.jpeg,foot
IMG001739.jpeg,humerus
IMG001740.jpeg,tibia
IMG001741.jpeg,tibia
IMG001742.jpeg,humerus
IMG001743.jpeg,hand
IMG001744.jpeg,humerus
IMG001745.jpeg,humerus
IMG001746.jpeg,humerus
IMG001747.jpeg,humerus
IMG001748.jpeg,humerus
IMG001749.jpeg,hip bone
IMG001750.jpeg,hip bone
IMG001751.jpeg,hand
IMG001752.jpeg,femur
IMG001753.jpeg,femur
IMG001754.jpeg,hand
IMG001755.jpeg,hand
IMG001756.jpeg,foot
IMG001757.jpeg,foot
IMG001758.jpeg,tibia
IMG001759.jpeg,ulna
IMG001760.jpeg,femur
IMG001761.jpeg,femur
IMG001762.jpeg,femur
IMG001763.jpeg,femur
IMG001764.jpeg,humerus
IMG001765.jpeg,femur
IMG001766.jpeg,femur
IMG001767.jpeg,hand
IMG001768.jpeg,foot
IMG001769.jpeg,foot
IMG001770.jpeg,tibia
IMG001771.jpeg,tibia
IMG001772.jpeg,hand
IMG001773.jpeg,hand
IMG001774.jpeg,femur
IMG001775.jpeg,femur
IMG001776.jpeg,tibia
IMG001777.jpeg,tibia
IMG001778.jpeg,humerus
IMG001779.jpeg,femur
IMG001780.jpeg,femur
IMG001781.jpeg,humerus
IMG001782.jpeg,femur
IMG001783.jpeg,foot
IMG001784.jpeg,humerus
IMG001785.jpeg,femur
IMG001786.jpeg,femur
IMG001787.jpeg,femur
IMG001788.jpeg,femur
IMG001789.jpeg,fibula
IMG001790.jpeg,fibula
IMG001791.jpeg,femur
IMG001792.jpeg,femur
IMG001793.jpeg,femur
IMG001794.jpeg,humerus
IMG001795.jpeg,femur
IMG001796.jpeg,"tibia,fibula,femur"
IMG001797.jpeg,"tibia,fibula"
IMG001798.jpeg,fibula
IMG001799.jpeg,tibia
IMG001800.jpeg,femur
IMG001801.jpeg,radius
IMG001802.jpeg,radius
IMG001803.jpeg,foot
IMG001804.jpeg,foot
IMG001805.jpeg,femur
IMG001806.jpeg,femur
IMG001807.jpeg,foot
IMG001808.jpeg,hand
IMG001809.jpeg,hand
IMG001810.jpeg,humerus
IMG001811.jpeg,humerus
IMG001812.jpeg,femur
IMG001813.jpeg,femur
IMG001814.jpeg,femur
IMG001815.jpeg,femur
IMG001816.jpeg,femur
IMG001817.jpeg,femur
IMG001818.jpeg,femur
IMG001819.jpeg,femur
IMG001820.jpeg,"fibula,femur"
IMG001821.jpeg,femur
IMG001822.jpeg,foot
IMG001823.jpeg,femur
IMG001824.jpeg,femur
IMG001825.jpeg,femur
IMG001826.jpeg,femur
IMG001827.jpeg,hip bone
IMG001828.jpeg,tibia
IMG001829.jpeg,femur
IMG001830.jpeg,tibia
IMG001831.jpeg,tibia
IMG001832.jpeg,tibia
IMG001833.jpeg,"tibia,fibula,femur"
IMG001834.jpeg,"tibia,fibula,femur"
IMG001835.jpeg,femur
IMG001836.jpeg,tibia
IMG001837.jpeg,humerus
IMG001838.jpeg,hip bone
IMG001839.jpeg,humerus
IMG001840.jpeg,humerus
IMG001841.jpeg,humerus
IMG001842.jpeg,humerus
IMG001843.jpeg,humerus
IMG001844.jpeg,foot
IMG001845.jpeg,femur
IMG001846.jpeg,femur
IMG001847.jpeg,femur
IMG001848.jpeg,humerus
IMG001849.jpeg,humerus
IMG001850.jpeg,humerus
IMG001851.jpeg,humerus
IMG001852.jpeg,humerus
IMG001853.jpeg,humerus
IMG001854.jpeg,humerus
IMG001855.jpeg,humerus
IMG001856.jpeg,humerus
IMG001857.jpeg,ulna
IMG001858.jpeg,"tibia,fibula,femur"
IMG001859.jpeg,femur
IMG001860.jpeg,femur
IMG001861.jpeg,"tibia,femur"
IMG001862.jpeg,"tibia,fibula,femur"
IMG001863.jpeg,"tibia,fibula,femur"
IMG001864.jpeg,"tibia,fibula,femur"
IMG001865.jpeg,femur
IMG001866.jpeg,femur
IMG001867.jpeg,femur
IMG001868.jpeg,
IMG001869.jpeg,
IMG001870.jpeg,
IMG001871.jpeg,
IMG001872.jpeg,
IMG001873.jpeg,
IMG001874.jpeg,
IMG001875.jpeg,
IMG001876.jpeg,
IMG001877.jpeg,
IMG001878.jpeg,
IMG001879.jpeg,
IMG001880.jpeg,
IMG001881.jpeg,
IMG001882.jpeg,
IMG001883.jpeg,
IMG001884.jpeg,
IMG001885.jpeg,
IMG001886.jpeg,
IMG001887.jpeg,
IMG001888.jpeg,
IMG001889.jpeg,
IMG001890.jpeg,
IMG001891.jpeg,
IMG001892.jpeg,
IMG001893.jpeg,
IMG001894.jpeg,
IMG001895.jpeg,
IMG001896.jpeg,
IMG001897.jpeg,
IMG001898.jpeg,
IMG001899.jpeg,
IMG001900.jpeg,
IMG001901.jpeg,
IMG001902.jpeg,
IMG001903.jpeg,
IMG001904.jpeg,
IMG001905.jpeg,
IMG001906.jpeg,
IMG001907.jpeg,
IMG001908.jpeg,
IMG001909.jpeg,
IMG001910.jpeg,
IMG001911.jpeg,
IMG001912.jpeg,
IMG001913.jpeg,
IMG001914.jpeg,
IMG001915.jpeg,
IMG001916.jpeg,
IMG001917.jpeg,
IMG001918.jpeg,
IMG001919.jpeg,
IMG001920.jpeg,
IMG001921.jpeg,
IMG001922.jpeg,
IMG001923.jpeg,
IMG001924.jpeg,
IMG001925.jpeg,
IMG001926.jpeg,
IMG001927.jpeg,
IMG001928.jpeg,
IMG001929.jpeg,
IMG001930.jpeg,
IMG001931.jpeg,
IMG001932.jpeg,
IMG001933.jpeg,
IMG001934.jpeg,
IMG001935.jpeg,
IMG001936.jpeg,
IMG001937.jpeg,
IMG001938.jpeg,
IMG001939.jpeg,
IMG001940.jpeg,
IMG001941.jpeg,
IMG001942.jpeg,
IMG001943.jpeg,
IMG001944.jpeg,
IMG001945.jpeg,
IMG001946.jpeg,
IMG001947.jpeg,
IMG001948.jpeg,
IMG001949.jpeg,
IMG001950.jpeg,
IMG001951.jpeg,
IMG001952.jpeg,
IMG001953.jpeg,
IMG001954.jpeg,
IMG001955.jpeg,
IMG001956.jpeg,
IMG001957.jpeg,
IMG001958.jpeg,
IMG001959.jpeg,
IMG001960.jpeg,
IMG001961.jpeg,
IMG001962.jpeg,
IMG001963.jpeg,
IMG001964.jpeg,
IMG001965.jpeg,
IMG001966.jpeg,
IMG001967.jpeg,
IMG001968.jpeg,
IMG001969.jpeg,
IMG001970.jpeg,
IMG001971.jpeg,
IMG001972.jpeg,
IMG001973.jpeg,
IMG001974.jpeg,
IMG001975.jpeg,
IMG001976.jpeg,
IMG001977.jpeg,
IMG001978.jpeg,
IMG001979.jpeg,
IMG001980.jpeg,
IMG001981.jpeg,
IMG001982.jpeg,
IMG001983.jpeg,
IMG001984.jpeg,
IMG001985.jpeg,
IMG001986.jpeg,
IMG001987.jpeg,
IMG001988.jpeg,
IMG001989.jpeg,
IMG001990.jpeg,
IMG001991.jpeg,
IMG001992.jpeg,
IMG001993.jpeg,
IMG001994.jpeg,
IMG001995.jpeg,
IMG001996.jpeg,
IMG001997.jpeg,
IMG001998.jpeg,
IMG001999.jpeg,
IMG002000.jpeg,
IMG002001.jpeg,
IMG002002.jpeg,
IMG002003.jpeg,
IMG002004.jpeg,
IMG002005.jpeg,
IMG002006.jpeg,
IMG002007.jpeg,
IMG002008.jpeg,
IMG002009.jpeg,
IMG002010.jpeg,
IMG002011.jpeg,
IMG002012.jpeg,
IMG002013.jpeg,
IMG002014.jpeg,
IMG002015.jpeg,
IMG002016.jpeg,
IMG002017.jpeg,
IMG002018.jpeg,
IMG002019.jpeg,
IMG002020.jpeg,
IMG002021.jpeg,
IMG002022.jpeg,
IMG002023.jpeg,
IMG002024.jpeg,
IMG002025.jpeg,
IMG002026.jpeg,
IMG002027.jpeg,
IMG002028.jpeg,
IMG002029.jpeg,
IMG002030.jpeg,
IMG002031.jpeg,
IMG002032.jpeg,
IMG002033.jpeg,
IMG002034.jpeg,
IMG002035.jpeg,
IMG002036.jpeg,
IMG002037.jpeg,
IMG002038.jpeg,
IMG002039.jpeg,
IMG002040.jpeg,
IMG002041.jpeg,
IMG002042.jpeg,
IMG002043.jpeg,
IMG002044.jpeg,
IMG002045.jpeg,
IMG002046.jpeg,
IMG002047.jpeg,
IMG002048.jpeg,
IMG002049.jpeg,
IMG002050.jpeg,
IMG002051.jpeg,
IMG002052.jpeg,
IMG002053.jpeg,
IMG002054.jpeg,
IMG002055.jpeg,
IMG002056.jpeg,
IMG002057.jpeg,
IMG002058.jpeg,
IMG002059.jpeg,
IMG002060.jpeg,
IMG002061.jpeg,
IMG002062.jpeg,
IMG002063.jpeg,
IMG002064.jpeg,
IMG002065.jpeg,
IMG002066.jpeg,
IMG002067.jpeg,
IMG002068.jpeg,
IMG002069.jpeg,
IMG002070.jpeg,
IMG002071.jpeg,
IMG002072.jpeg,
IMG002073.jpeg,
IMG002074.jpeg,
IMG002075.jpeg,
IMG002076.jpeg,
IMG002077.jpeg,
IMG002078.jpeg,
IMG002079.jpeg,
IMG002080.jpeg,
IMG002081.jpeg,
IMG002082.jpeg,
IMG002083.jpeg,
IMG002084.jpeg,
IMG002085.jpeg,
IMG002086.jpeg,
IMG002087.jpeg,
IMG002088.jpeg,
IMG002089.jpeg,
IMG002090.jpeg,
IMG002091.jpeg,
IMG002092.jpeg,
IMG002093.jpeg,
IMG002094.jpeg,
IMG002095.jpeg,
IMG002096.jpeg,
IMG002097.jpeg,
IMG002098.jpeg,
IMG002099.jpeg,
IMG002100.jpeg,
IMG002101.jpeg,
IMG002102.jpeg,
IMG002103.jpeg,
IMG002104.jpeg,
IMG002105.jpeg,
IMG002106.jpeg,
IMG002107.jpeg,
IMG002108.jpeg,
IMG002109.jpeg,
IMG002110.jpeg,
IMG002111.jpeg,
IMG002112.jpeg,
IMG002113.jpeg,
IMG002114.jpeg,
IMG002115.jpeg,
IMG002116.jpeg,
IMG002117.jpeg,
IMG002118.jpeg,
IMG002119.jpeg,
IMG002120.jpeg,
IMG002121.jpeg,
IMG002122.jpeg,
IMG002123.jpeg,
IMG002124.jpeg,
IMG002125.jpeg,
IMG002126.jpeg,
IMG002127.jpeg,
IMG002128.jpeg,
IMG002129.jpeg,
IMG002130.jpeg,
IMG002131.jpeg,
IMG002132.jpeg,
IMG002133.jpeg,
IMG002134.jpeg,
IMG002135.jpeg,
IMG002136.jpeg,
IMG002137.jpeg,
IMG002138.jpeg,
IMG002139.jpeg,
IMG002140.jpeg,
IMG002141.jpeg,
IMG002142.jpeg,
IMG002143.jpeg,
IMG002144.jpeg,
IMG002145.jpeg,
IMG002146.jpeg,
IMG002147.jpeg,
IMG002148.jpeg,
IMG002149.jpeg,
IMG002150.jpeg,
IMG002151.jpeg,
IMG002152.jpeg,
IMG002153.jpeg,
IMG002154.jpeg,
IMG002155.jpeg,
IMG002156.jpeg,
IMG002157.jpeg,
IMG002158.jpeg,
IMG002159.jpeg,
IMG002160.jpeg,
IMG002161.jpeg,
IMG002162.jpeg,
IMG002163.jpeg,
IMG002164.jpeg,
IMG002165.jpeg,
IMG002166.jpeg,
IMG002167.jpeg,
IMG002168.jpeg,
IMG002169.jpeg,
IMG002170.jpeg,
IMG002171.jpeg,
IMG002172.jpeg,
IMG002173.jpeg,
IMG002174.jpeg,
IMG002175.jpeg,
IMG002176.jpeg,
IMG002177.jpeg,
IMG002178.jpeg,
IMG002179.jpeg,
IMG002180.jpeg,
IMG002181.jpeg,
IMG002182.jpeg,
IMG002183.jpeg,
IMG002184.jpeg,
IMG002185.jpeg,
IMG002186.jpeg,
IMG002187.jpeg,
IMG002188.jpeg,
IMG002189.jpeg,
IMG002190.jpeg,
IMG002191.jpeg,
IMG002192.jpeg,
IMG002193.jpeg,
IMG002194.jpeg,
IMG002195.jpeg,
IMG002196.jpeg,
IMG002197.jpeg,
IMG002198.jpeg,
IMG002199.jpeg,
IMG002200.jpeg,
IMG002201.jpeg,
IMG002202.jpeg,
IMG002203.jpeg,
IMG002204.jpeg,
IMG002205.jpeg,
IMG002206.jpeg,
IMG002207.jpeg,
IMG002208.jpeg,
IMG002209.jpeg,
IMG002210.jpeg,
IMG002211.jpeg,
IMG002212.jpeg,
IMG002213.jpeg,
IMG002214.jpeg,
IMG002215.jpeg,
IMG002216.jpeg,
IMG002217.jpeg,
IMG002218.jpeg,
IMG002219.jpeg,
IMG002220.jpeg,
IMG002221.jpeg,
IMG002222.jpeg,
IMG002223.jpeg,
IMG002224.jpeg,
IMG002225.jpeg,
IMG002226.jpeg,
IMG002227.jpeg,
IMG002228.jpeg,
IMG002229.jpeg,
IMG002230.jpeg,
IMG002231.jpeg,
IMG002232.jpeg,
IMG002233.jpeg,
IMG002234.jpeg,
IMG002235.jpeg,
IMG002236.jpeg,
IMG002237.jpeg,
IMG002238.jpeg,
IMG002239.jpeg,
IMG002240.jpeg,
IMG002241.jpeg,
IMG002242.jpeg,
IMG002243.jpeg,
IMG002244.jpeg,
IMG002245.jpeg,
IMG002246.jpeg,
IMG002247.jpeg,
IMG002248.jpeg,
IMG002249.jpeg,
IMG002250.jpeg,
IMG002251.jpeg,
IMG002252.jpeg,
IMG002253.jpeg,
IMG002254.jpeg,
IMG002255.jpeg,
IMG002256.jpeg,
IMG002257.jpeg,
IMG002258.jpeg,
IMG002259.jpeg,
IMG002260.jpeg,
IMG002261.jpeg,
IMG002262.jpeg,
IMG002263.jpeg,
IMG002264.jpeg,
IMG002265.jpeg,
IMG002266.jpeg,
IMG002267.jpeg,
IMG002268.jpeg,
IMG002269.jpeg,
IMG002270.jpeg,
IMG002271.jpeg,
IMG002272.jpeg,
IMG002273.jpeg,
IMG002274.jpeg,
IMG002275.jpeg,
IMG002276.jpeg,
IMG002277.jpeg,
IMG002278.jpeg,
IMG002279.jpeg,
IMG002280.jpeg,
IMG002281.jpeg,
IMG002282.jpeg,
IMG002283.jpeg,
IMG002284.jpeg,
IMG002285.jpeg,
IMG002286.jpeg,
IMG002287.jpeg,
IMG002288.jpeg,
IMG002289.jpeg,
IMG002290.jpeg,
IMG002291.jpeg,
IMG002292.jpeg,
IMG002293.jpeg,
IMG002294.jpeg,
IMG002295.jpeg,
IMG002296.jpeg,
IMG002297.jpeg,
IMG002298.jpeg,
IMG002299.jpeg,
IMG002300.jpeg,
IMG002301.jpeg,
IMG002302.jpeg,
IMG002303.jpeg,
IMG002304.jpeg,
IMG002305.jpeg,
IMG002306.jpeg,
IMG002307.jpeg,
IMG002308.jpeg,
IMG002309.jpeg,
IMG002310.jpeg,
IMG002311.jpeg,
IMG002312.jpeg,
IMG002313.jpeg,
IMG002314.jpeg,
IMG002315.jpeg,
IMG002316.jpeg,
IMG002317.jpeg,
IMG002318.jpeg,
IMG002319.jpeg,
IMG002320.jpeg,
IMG002321.jpeg,
IMG002322.jpeg,
IMG002323.jpeg,
IMG002324.jpeg,
IMG002325.jpeg,
IMG002326.jpeg,
IMG002327.jpeg,
IMG002328.jpeg,
IMG002329.jpeg,
IMG002330.jpeg,
IMG002331.jpeg,
IMG002332.jpeg,
IMG002333.jpeg,
IMG002334.jpeg,
IMG002335.jpeg,
IMG002336.jpeg,
IMG002337.jpeg,
IMG002338.jpeg,
IMG002339.jpeg,
IMG002340.jpeg,
IMG002341.jpeg,
IMG002342.jpeg,
IMG002343.jpeg,
IMG002344.jpeg,
IMG002345.jpeg,
IMG002346.jpeg,
IMG002347.jpeg,
IMG002348.jpeg,
IMG002349.jpeg,
IMG002350.jpeg,
IMG002351.jpeg,
IMG002352.jpeg,
IMG002353.jpeg,
IMG002354.jpeg,
IMG002355.jpeg,
IMG002356.jpeg,
IMG002357.jpeg,
IMG002358.jpeg,
IMG002359.jpeg,
IMG002360.jpeg,
IMG002361.jpeg,
IMG002362.jpeg,
IMG002363.jpeg,
IMG002364.jpeg,
IMG002365.jpeg,
IMG002366.jpeg,
IMG002367.jpeg,
IMG002368.jpeg,
IMG002369.jpeg,
IMG002370.jpeg,
IMG002371.jpeg,
IMG002372.jpeg,
IMG002373.jpeg,
IMG002374.jpeg,
IMG002375.jpeg,
IMG002376.jpeg,
IMG002377.jpeg,
IMG002378.jpeg,
IMG002379.jpeg,
IMG002380.jpeg,
IMG002381.jpeg,
IMG002382.jpeg,
IMG002383.jpeg,
IMG002384.jpeg,
IMG002385.jpeg,
IMG002386.jpeg,
IMG002387.jpeg,
IMG002388.jpeg,
IMG002389.jpeg,
IMG002390.jpeg,
IMG002391.jpeg,
IMG002392.jpeg,
IMG002393.jpeg,
IMG002394.jpeg,
IMG002395.jpeg,
IMG002396.jpeg,
IMG002397.jpeg,
IMG002398.jpeg,
IMG002399.jpeg,
IMG002400.jpeg,
IMG002401.jpeg,
IMG002402.jpeg,
IMG002403.jpeg,
IMG002404.jpeg,
IMG002405.jpeg,
IMG002406.jpeg,
IMG002407.jpeg,
IMG002408.jpeg,
IMG002409.jpeg,
IMG002410.jpeg,
IMG002411.jpeg,
IMG002412.jpeg,
IMG002413.jpeg,
IMG002414.jpeg,
IMG002415.jpeg,
IMG002416.jpeg,
IMG002417.jpeg,
IMG002418.jpeg,
IMG002419.jpeg,
IMG002420.jpeg,
IMG002421.jpeg,
IMG002422.jpeg,
IMG002423.jpeg,
IMG002424.jpeg,
IMG002425.jpeg,
IMG002426.jpeg,
IMG002427.jpeg,
IMG002428.jpeg,
IMG002429.jpeg,
IMG002430.jpeg,
IMG002431.jpeg,
IMG002432.jpeg,
IMG002433.jpeg,
IMG002434.jpeg,
IMG002435.jpeg,
IMG002436.jpeg,
IMG002437.jpeg,
IMG002438.jpeg,
IMG002439.jpeg,
IMG002440.jpeg,
IMG002441.jpeg,
IMG002442.jpeg,
IMG002443.jpeg,
IMG002444.jpeg,
IMG002445.jpeg,
IMG002446.jpeg,
IMG002447.jpeg,
IMG002448.jpeg,
IMG002449.jpeg,
IMG002450.jpeg,
IMG002451.jpeg,
IMG002452.jpeg,
IMG002453.jpeg,
IMG002454.jpeg,
IMG002455.jpeg,
IMG002456.jpeg,
IMG002457.jpeg,
IMG002458.jpeg,
IMG002459.jpeg,
IMG002460.jpeg,
IMG002461.jpeg,
IMG002462.jpeg,
IMG002463.jpeg,
IMG002464.jpeg,
IMG002465.jpeg,
IMG002466.jpeg,
IMG002467.jpeg,
IMG002468.jpeg,
IMG002469.jpeg,
IMG002470.jpeg,
IMG002471.jpeg,
IMG002472.jpeg,
IMG002473.jpeg,
IMG002474.jpeg,
IMG002475.jpeg,
IMG002476.jpeg,
IMG002477.jpeg,
IMG002478.jpeg,
IMG002479.jpeg,
IMG002480.jpeg,
IMG002481.jpeg,
IMG002482.jpeg,
IMG002483.jpeg,
IMG002484.jpeg,
IMG002485.jpeg,
IMG002486.jpeg,
IMG002487.jpeg,
IMG002488.jpeg,
IMG002489.jpeg,
IMG002490.jpeg,
IMG002491.jpeg,
IMG002492.jpeg,
IMG002493.jpeg,
IMG002494.jpeg,
IMG002495.jpeg,
IMG002496.jpeg,
IMG002497.jpeg,
IMG002498.jpeg,
IMG002499.jpeg,
IMG002500.jpeg,
IMG002501.jpeg,
IMG002502.jpeg,
IMG002503.jpeg,
IMG002504.jpeg,
IMG002505.jpeg,
IMG002506.jpeg,
IMG002507.jpeg,
IMG002508.jpeg,
IMG002509.jpeg,
IMG002510.jpeg,
IMG002511.jpeg,
IMG002512.jpeg,
IMG002513.jpeg,
IMG002514.jpeg,
IMG002515.jpeg,
IMG002516.jpeg,
IMG002517.jpeg,
IMG002518.jpeg,
IMG002519.jpeg,
IMG002520.jpeg,
IMG002521.jpeg,
IMG002522.jpeg,
IMG002523.jpeg,
IMG002524.jpeg,
IMG002525.jpeg,
IMG002526.jpeg,
IMG002527.jpeg,
IMG002528.jpeg,
IMG002529.jpeg,
IMG002530.jpeg,
IMG002531.jpeg,
IMG002532.jpeg,
IMG002533.jpeg,
IMG002534.jpeg,
IMG002535.jpeg,
IMG002536.jpeg,
IMG002537.jpeg,
IMG002538.jpeg,
IMG002539.jpeg,
IMG002540.jpeg,
IMG002541.jpeg,
IMG002542.jpeg,
IMG002543.jpeg,
IMG002544.jpeg,
IMG002545.jpeg,
IMG002546.jpeg,
IMG002547.jpeg,
IMG002548.jpeg,
IMG002549.jpeg,
IMG002550.jpeg,
IMG002551.jpeg,
IMG002552.jpeg,
IMG002553.jpeg,
IMG002554.jpeg,
IMG002555.jpeg,
IMG002556.jpeg,
IMG002557.jpeg,
IMG002558.jpeg,
IMG002559.jpeg,
IMG002560.jpeg,
IMG002561.jpeg,
IMG002562.jpeg,
IMG002563.jpeg,
IMG002564.jpeg,
IMG002565.jpeg,
IMG002566.jpeg,
IMG002567.jpeg,
IMG002568.jpeg,
IMG002569.jpeg,
IMG002570.jpeg,
IMG002571.jpeg,
IMG002572.jpeg,
IMG002573.jpeg,
IMG002574.jpeg,
IMG002575.jpeg,
IMG002576.jpeg,
IMG002577.jpeg,
IMG002578.jpeg,
IMG002579.jpeg,
IMG002580.jpeg,
IMG002581.jpeg,
IMG002582.jpeg,
IMG002583.jpeg,
IMG002584.jpeg,
IMG002585.jpeg,
IMG002586.jpeg,
IMG002587.jpeg,
IMG002588.jpeg,
IMG002589.jpeg,
IMG002590.jpeg,
IMG002591.jpeg,
IMG002592.jpeg,
IMG002593.jpeg,
IMG002594.jpeg,
IMG002595.jpeg,
IMG002596.jpeg,
IMG002597.jpeg,
IMG002598.jpeg,
IMG002599.jpeg,
IMG002600.jpeg,
IMG002601.jpeg,
IMG002602.jpeg,
IMG002603.jpeg,
IMG002604.jpeg,
IMG002605.jpeg,
IMG002606.jpeg,
IMG002607.jpeg,
IMG002608.jpeg,
IMG002609.jpeg,
IMG002610.jpeg,
IMG002611.jpeg,
IMG002612.jpeg,
IMG002613.jpeg,
IMG002614.jpeg,
IMG002615.jpeg,
IMG002616.jpeg,
IMG002617.jpeg,
IMG002618.jpeg,
IMG002619.jpeg,
IMG002620.jpeg,
IMG002621.jpeg,
IMG002622.jpeg,
IMG002623.jpeg,
IMG002624.jpeg,
IMG002625.jpeg,
IMG002626.jpeg,
IMG002627.jpeg,
IMG002628.jpeg,
IMG002629.jpeg,
IMG002630.jpeg,
IMG002631.jpeg,
IMG002632.jpeg,
IMG002633.jpeg,
IMG002634.jpeg,
IMG002635.jpeg,
IMG002636.jpeg,
IMG002637.jpeg,
IMG002638.jpeg,
IMG002639.jpeg,
IMG002640.jpeg,
IMG002641.jpeg,
IMG002642.jpeg,
IMG002643.jpeg,
IMG002644.jpeg,
IMG002645.jpeg,
IMG002646.jpeg,
IMG002647.jpeg,
IMG002648.jpeg,
IMG002649.jpeg,
IMG002650.jpeg,
IMG002651.jpeg,
IMG002652.jpeg,
IMG002653.jpeg,
IMG002654.jpeg,
IMG002655.jpeg,
IMG002656.jpeg,
IMG002657.jpeg,
IMG002658.jpeg,
IMG002659.jpeg,
IMG002660.jpeg,
IMG002661.jpeg,
IMG002662.jpeg,
IMG002663.jpeg,
IMG002664.jpeg,
IMG002665.jpeg,
IMG002666.jpeg,
IMG002667.jpeg,
IMG002668.jpeg,
IMG002669.jpeg,
IMG002670.jpeg,
IMG002671.jpeg,
IMG002672.jpeg,
IMG002673.jpeg,
IMG002674.jpeg,
IMG002675.jpeg,
IMG002676.jpeg,
IMG002677.jpeg,
IMG002678.jpeg,
IMG002679.jpeg,
IMG002680.jpeg,
IMG002681.jpeg,
IMG002682.jpeg,
IMG002683.jpeg,
IMG002684.jpeg,
IMG002685.jpeg,
IMG002686.jpeg,
IMG002687.jpeg,
IMG002688.jpeg,
IMG002689.jpeg,
IMG002690.jpeg,
IMG002691.jpeg,
IMG002692.jpeg,
IMG002693.jpeg,
IMG002694.jpeg,
IMG002695.jpeg,
IMG002696.jpeg,
IMG002697.jpeg,
IMG002698.jpeg,
IMG002699.jpeg,
IMG002700.jpeg,
IMG002701.jpeg,
IMG002702.jpeg,
IMG002703.jpeg,
IMG002704.jpeg,
IMG002705.jpeg,
IMG002706.jpeg,
IMG002707.jpeg,
IMG002708.jpeg,
IMG002709.jpeg,
IMG002710.jpeg,
IMG002711.jpeg,
IMG002712.jpeg,
IMG002713.jpeg,
IMG002714.jpeg,
IMG002715.jpeg,
IMG002716.jpeg,
IMG002717.jpeg,
IMG002718.jpeg,
IMG002719.jpeg,
IMG002720.jpeg,
IMG002721.jpeg,
IMG002722.jpeg,
IMG002723.jpeg,
IMG002724.jpeg,
IMG002725.jpeg,
IMG002726.jpeg,
IMG002727.jpeg,
IMG002728.jpeg,
IMG002729.jpeg,
IMG002730.jpeg,
IMG002731.jpeg,
IMG002732.jpeg,
IMG002733.jpeg,
IMG002734.jpeg,
IMG002735.jpeg,
IMG002736.jpeg,
IMG002737.jpeg,
IMG002738.jpeg,
IMG002739.jpeg,
IMG002740.jpeg,
IMG002741.jpeg,
IMG002742.jpeg,
IMG002743.jpeg,
IMG002744.jpeg,
IMG002745.jpeg,
IMG002746.jpeg,
IMG002747.jpeg,
IMG002748.jpeg,
IMG002749.jpeg,
IMG002750.jpeg,
IMG002751.jpeg,
IMG002752.jpeg,
IMG002753.jpeg,
IMG002754.jpeg,
IMG002755.jpeg,
IMG002756.jpeg,
IMG002757.jpeg,
IMG002758.jpeg,
IMG002759.jpeg,
IMG002760.jpeg,
IMG002761.jpeg,
IMG002762.jpeg,
IMG002763.jpeg,
IMG002764.jpeg,
IMG002765.jpeg,
IMG002766.jpeg,
IMG002767.jpeg,
IMG002768.jpeg,
IMG002769.jpeg,
IMG002770.jpeg,
IMG002771.jpeg,
IMG002772.jpeg,
IMG002773.jpeg,
IMG002774.jpeg,
IMG002775.jpeg,
IMG002776.jpeg,
IMG002777.jpeg,
IMG002778.jpeg,
IMG002779.jpeg,
IMG002780.jpeg,
IMG002781.jpeg,
IMG002782.jpeg,
IMG002783.jpeg,
IMG002784.jpeg,
IMG002785.jpeg,
IMG002786.jpeg,
IMG002787.jpeg,
IMG002788.jpeg,
IMG002789.jpeg,
IMG002790.jpeg,
IMG002791.jpeg,
IMG002792.jpeg,
IMG002793.jpeg,
IMG002794.jpeg,
IMG002795.jpeg,
IMG002796.jpeg,
IMG002797.jpeg,
IMG002798.jpeg,
IMG002799.jpeg,
IMG002800.jpeg,
IMG002801.jpeg,
IMG002802.jpeg,
IMG002803.jpeg,
IMG002804.jpeg,
IMG002805.jpeg,
IMG002806.jpeg,
IMG002807.jpeg,
IMG002808.jpeg,
IMG002809.jpeg,
IMG002810.jpeg,
IMG002811.jpeg,
IMG002812.jpeg,
IMG002813.jpeg,
IMG002814.jpeg,
IMG002815.jpeg,
IMG002816.jpeg,
IMG002817.jpeg,
IMG002818.jpeg,
IMG002819.jpeg,
IMG002820.jpeg,
IMG002821.jpeg,
IMG002822.jpeg,
IMG002823.jpeg,
IMG002824.jpeg,
IMG002825.jpeg,
IMG002826.jpeg,
IMG002827.jpeg,
IMG002828.jpeg,
IMG002829.jpeg,
IMG002830.jpeg,
IMG002831.jpeg,
IMG002832.jpeg,
IMG002833.jpeg,
IMG002834.jpeg,
IMG002835.jpeg,
IMG002836.jpeg,
IMG002837.jpeg,
IMG002838.jpeg,
IMG002839.jpeg,
IMG002840.jpeg,
IMG002841.jpeg,
IMG002842.jpeg,
IMG002843.jpeg,
IMG002844.jpeg,
IMG002845.jpeg,
IMG002846.jpeg,
IMG002847.jpeg,
IMG002848.jpeg,
IMG002849.jpeg,
IMG002850.jpeg,
IMG002851.jpeg,
IMG002852.jpeg,
IMG002853.jpeg,
IMG002854.jpeg,
IMG002855.jpeg,
IMG002856.jpeg,
IMG002857.jpeg,
IMG002858.jpeg,
IMG002859.jpeg,
IMG002860.jpeg,
IMG002861.jpeg,
IMG002862.jpeg,
IMG002863.jpeg,
IMG002864.jpeg,
IMG002865.jpeg,
IMG002866.jpeg,
IMG002867.jpeg,
IMG002868.jpeg,
IMG002869.jpeg,
IMG002870.jpeg,
IMG002871.jpeg,
IMG002872.jpeg,
IMG002873.jpeg,
IMG002874.jpeg,
IMG002875.jpeg,
IMG002876.jpeg,
IMG002877.jpeg,
IMG002878.jpeg,
IMG002879.jpeg,
IMG002880.jpeg,
IMG002881.jpeg,
IMG002882.jpeg,
IMG002883.jpeg,
IMG002884.jpeg,
IMG002885.jpeg,
IMG002886.jpeg,
IMG002887.jpeg,
IMG002888.jpeg,
IMG002889.jpeg,
IMG002890.jpeg,
IMG002891.jpeg,
IMG002892.jpeg,
IMG002893.jpeg,
IMG002894.jpeg,
IMG002895.jpeg,
IMG002896.jpeg,
IMG002897.jpeg,
IMG002898.jpeg,
IMG002899.jpeg,
IMG002900.jpeg,
IMG002901.jpeg,
IMG002902.jpeg,
IMG002903.jpeg,
IMG002904.jpeg,
IMG002905.jpeg,
IMG002906.jpeg,
IMG002907.jpeg,
IMG002908.jpeg,
IMG002909.jpeg,
IMG002910.jpeg,
IMG002911.jpeg,
IMG002912.jpeg,
IMG002913.jpeg,
IMG002914.jpeg,
IMG002915.jpeg,
IMG002916.jpeg,
IMG002917.jpeg,
IMG002918.jpeg,
IMG002919.jpeg,
IMG002920.jpeg,
IMG002921.jpeg,
IMG002922.jpeg,
IMG002923.jpeg,
IMG002924.jpeg,
IMG002925.jpeg,
IMG002926.jpeg,
IMG002927.jpeg,
IMG002928.jpeg,
IMG002929.jpeg,
IMG002930.jpeg,
IMG002931.jpeg,
IMG002932.jpeg,
IMG002933.jpeg,
IMG002934.jpeg,
IMG002935.jpeg,
IMG002936.jpeg,
IMG002937.jpeg,
IMG002938.jpeg,
IMG002939.jpeg,
IMG002940.jpeg,
IMG002941.jpeg,
IMG002942.jpeg,
IMG002943.jpeg,
IMG002944.jpeg,
IMG002945.jpeg,
IMG002946.jpeg,
IMG002947.jpeg,
IMG002948.jpeg,
IMG002949.jpeg,
IMG002950.jpeg,
IMG002951.jpeg,
IMG002952.jpeg,
IMG002953.jpeg,
IMG002954.jpeg,
IMG002955.jpeg,
IMG002956.jpeg,
IMG002957.jpeg,
IMG002958.jpeg,
IMG002959.jpeg,
IMG002960.jpeg,
IMG002961.jpeg,
IMG002962.jpeg,
IMG002963.jpeg,
IMG002964.jpeg,
IMG002965.jpeg,
IMG002966.jpeg,
IMG002967.jpeg,
IMG002968.jpeg,
IMG002969.jpeg,
IMG002970.jpeg,
IMG002971.jpeg,
IMG002972.jpeg,
IMG002973.jpeg,
IMG002974.jpeg,
IMG002975.jpeg,
IMG002976.jpeg,
IMG002977.jpeg,
IMG002978.jpeg,
IMG002979.jpeg,
IMG002980.jpeg,
IMG002981.jpeg,
IMG002982.jpeg,
IMG002983.jpeg,
IMG002984.jpeg,
IMG002985.jpeg,
IMG002986.jpeg,
IMG002987.jpeg,
IMG002988.jpeg,
IMG002989.jpeg,
IMG002990.jpeg,
IMG002991.jpeg,
IMG002992.jpeg,
IMG002993.jpeg,
IMG002994.jpeg,
IMG002995.jpeg,
IMG002996.jpeg,
IMG002997.jpeg,
IMG002998.jpeg,
IMG002999.jpeg,
IMG003000.jpeg,
IMG003001.jpeg,
IMG003002.jpeg,
IMG003003.jpeg,
IMG003004.jpeg,
IMG003005.jpeg,
IMG003006.jpeg,
IMG003007.jpeg,
IMG003008.jpeg,
IMG003009.jpeg,
IMG003010.jpeg,
IMG003011.jpeg,
IMG003012.jpeg,
IMG003013.jpeg,
IMG003014.jpeg,
IMG003015.jpeg,
IMG003016.jpeg,
IMG003017.jpeg,
IMG003018.jpeg,
IMG003019.jpeg,
IMG003020.jpeg,
IMG003021.jpeg,
IMG003022.jpeg,
IMG003023.jpeg,
IMG003024.jpeg,
IMG003025.jpeg,
IMG003026.jpeg,
IMG003027.jpeg,
IMG003028.jpeg,
IMG003029.jpeg,
IMG003030.jpeg,
IMG003031.jpeg,
IMG003032.jpeg,
IMG003033.jpeg,
IMG003034.jpeg,
IMG003035.jpeg,
IMG003036.jpeg,
IMG003037.jpeg,
IMG003038.jpeg,
IMG003039.jpeg,
IMG003040.jpeg,
IMG003041.jpeg,
IMG003042.jpeg,
IMG003043.jpeg,
IMG003044.jpeg,
IMG003045.jpeg,
IMG003046.jpeg,
IMG003047.jpeg,
IMG003048.jpeg,
IMG003049.jpeg,
IMG003050.jpeg,
IMG003051.jpeg,
IMG003052.jpeg,
IMG003053.jpeg,
IMG003054.jpeg,
IMG003055.jpeg,
IMG003056.jpeg,
IMG003057.jpeg,
IMG003058.jpeg,
IMG003059.jpeg,
IMG003060.jpeg,
IMG003061.jpeg,
IMG003062.jpeg,
IMG003063.jpeg,
IMG003064.jpeg,
IMG003065.jpeg,
IMG003066.jpeg,
IMG003067.jpeg,
IMG003068.jpeg,
IMG003069.jpeg,
IMG003070.jpeg,
IMG003071.jpeg,
IMG003072.jpeg,
IMG003073.jpeg,
IMG003074.jpeg,
IMG003075.jpeg,
IMG003076.jpeg,
IMG003077.jpeg,
IMG003078.jpeg,
IMG003079.jpeg,
IMG003080.jpeg,
IMG003081.jpeg,
IMG003082.jpeg,
IMG003083.jpeg,
IMG003084.jpeg,
IMG003085.jpeg,
IMG003086.jpeg,
IMG003087.jpeg,
IMG003088.jpeg,
IMG003089.jpeg,
IMG003090.jpeg,
IMG003091.jpeg,
IMG003092.jpeg,
IMG003093.jpeg,
IMG003094.jpeg,
IMG003095.jpeg,
IMG003096.jpeg,
IMG003097.jpeg,
IMG003098.jpeg,
IMG003099.jpeg,
IMG003100.jpeg,
IMG003101.jpeg,
IMG003102.jpeg,
IMG003103.jpeg,
IMG003104.jpeg,
IMG003105.jpeg,
IMG003106.jpeg,
IMG003107.jpeg,
IMG003108.jpeg,
IMG003109.jpeg,
IMG003110.jpeg,
IMG003111.jpeg,
IMG003112.jpeg,
IMG003113.jpeg,
IMG003114.jpeg,
IMG003115.jpeg,
IMG003116.jpeg,
IMG003117.jpeg,
IMG003118.jpeg,
IMG003119.jpeg,
IMG003120.jpeg,
IMG003121.jpeg,
IMG003122.jpeg,
IMG003123.jpeg,
IMG003124.jpeg,
IMG003125.jpeg,
IMG003126.jpeg,
IMG003127.jpeg,
IMG003128.jpeg,
IMG003129.jpeg,
IMG003130.jpeg,
IMG003131.jpeg,
IMG003132.jpeg,
IMG003133.jpeg,
IMG003134.jpeg,
IMG003135.jpeg,
IMG003136.jpeg,
IMG003137.jpeg,
IMG003138.jpeg,
IMG003139.jpeg,
IMG003140.jpeg,
IMG003141.jpeg,
IMG003142.jpeg,
IMG003143.jpeg,
IMG003144.jpeg,
IMG003145.jpeg,
IMG003146.jpeg,
IMG003147.jpeg,
IMG003148.jpeg,
IMG003149.jpeg,
IMG003150.jpeg,
IMG003151.jpeg,
IMG003152.jpeg,
IMG003153.jpeg,
IMG003154.jpeg,
IMG003155.jpeg,
IMG003156.jpeg,
IMG003157.jpeg,
IMG003158.jpeg,
IMG003159.jpeg,
IMG003160.jpeg,
IMG003161.jpeg,
IMG003162.jpeg,
IMG003163.jpeg,
IMG003164.jpeg,
IMG003165.jpeg,
IMG003166.jpeg,
IMG003167.jpeg,
IMG003168.jpeg,
IMG003169.jpeg,
IMG003170.jpeg,
IMG003171.jpeg,
IMG003172.jpeg,
IMG003173.jpeg,
IMG003174.jpeg,
IMG003175.jpeg,
IMG003176.jpeg,
IMG003177.jpeg,
IMG003178.jpeg,
IMG003179.jpeg,
IMG003180.jpeg,
IMG003181.jpeg,
IMG003182.jpeg,
IMG003183.jpeg,
IMG003184.jpeg,
IMG003185.jpeg,
IMG003186.jpeg,
IMG003187.jpeg,
IMG003188.jpeg,
IMG003189.jpeg,
IMG003190.jpeg,
IMG003191.jpeg,
IMG003192.jpeg,
IMG003193.jpeg,
IMG003194.jpeg,
IMG003195.jpeg,
IMG003196.jpeg,
IMG003197.jpeg,
IMG003198.jpeg,
IMG003199.jpeg,
IMG003200.jpeg,
IMG003201.jpeg,
IMG003202.jpeg,
IMG003203.jpeg,
IMG003204.jpeg,
IMG003205.jpeg,
IMG003206.jpeg,
IMG003207.jpeg,
IMG003208.jpeg,
IMG003209.jpeg,
IMG003210.jpeg,
IMG003211.jpeg,
IMG003212.jpeg,
IMG003213.jpeg,
IMG003214.jpeg,
IMG003215.jpeg,
IMG003216.jpeg,
IMG003217.jpeg,
IMG003218.jpeg,
IMG003219.jpeg,
IMG003220.jpeg,
IMG003221.jpeg,
IMG003222.jpeg,
IMG003223.jpeg,
IMG003224.jpeg,
IMG003225.jpeg,
IMG003226.jpeg,
IMG003227.jpeg,
IMG003228.jpeg,
IMG003229.jpeg,
IMG003230.jpeg,
IMG003231.jpeg,
IMG003232.jpeg,
IMG003233.jpeg,
IMG003234.jpeg,
IMG003235.jpeg,
IMG003236.jpeg,
IMG003237.jpeg,
IMG003238.jpeg,
IMG003239.jpeg,
IMG003240.jpeg,
IMG003241.jpeg,
IMG003242.jpeg,
IMG003243.jpeg,
IMG003244.jpeg,
IMG003245.jpeg,
IMG003246.jpeg,
IMG003247.jpeg,
IMG003248.jpeg,
IMG003249.jpeg,
IMG003250.jpeg,
IMG003251.jpeg,
IMG003252.jpeg,
IMG003253.jpeg,
IMG003254.jpeg,
IMG003255.jpeg,
IMG003256.jpeg,
IMG003257.jpeg,
IMG003258.jpeg,
IMG003259.jpeg,
IMG003260.jpeg,
IMG003261.jpeg,
IMG003262.jpeg,
IMG003263.jpeg,
IMG003264.jpeg,
IMG003265.jpeg,
IMG003266.jpeg,
IMG003267.jpeg,
IMG003268.jpeg,
IMG003269.jpeg,
IMG003270.jpeg,
IMG003271.jpeg,
IMG003272.jpeg,
IMG003273.jpeg,
IMG003274.jpeg,
IMG003275.jpeg,
IMG003276.jpeg,
IMG003277.jpeg,
IMG003278.jpeg,
IMG003279.jpeg,
IMG003280.jpeg,
IMG003281.jpeg,
IMG003282.jpeg,
IMG003283.jpeg,
IMG003284.jpeg,
IMG003285.jpeg,
IMG003286.jpeg,
IMG003287.jpeg,
IMG003288.jpeg,
IMG003289.jpeg,
IMG003290.jpeg,
IMG003291.jpeg,
IMG003292.jpeg,
IMG003293.jpeg,
IMG003294.jpeg,
IMG003295.jpeg,
IMG003296.jpeg,
IMG003297.jpeg,
IMG003298.jpeg,
IMG003299.jpeg,
IMG003300.jpeg,
IMG003301.jpeg,
IMG003302.jpeg,
IMG003303.jpeg,
IMG003304.jpeg,
IMG003305.jpeg,
IMG003306.jpeg,
IMG003307.jpeg,
IMG003308.jpeg,
IMG003309.jpeg,
IMG003310.jpeg,
IMG003311.jpeg,
IMG003312.jpeg,
IMG003313.jpeg,
IMG003314.jpeg,
IMG003315.jpeg,
IMG003316.jpeg,
IMG003317.jpeg,
IMG003318.jpeg,
IMG003319.jpeg,
IMG003320.jpeg,
IMG003321.jpeg,
IMG003322.jpeg,
IMG003323.jpeg,
IMG003324.jpeg,
IMG003325.jpeg,
IMG003326.jpeg,
IMG003327.jpeg,
IMG003328.jpeg,
IMG003329.jpeg,
IMG003330.jpeg,
IMG003331.jpeg,
IMG003332.jpeg,
IMG003333.jpeg,
IMG003334.jpeg,
IMG003335.jpeg,
IMG003336.jpeg,
IMG003337.jpeg,
IMG003338.jpeg,
IMG003339.jpeg,
IMG003340.jpeg,
IMG003341.jpeg,
IMG003342.jpeg,
IMG003343.jpeg,
IMG003344.jpeg,
IMG003345.jpeg,
IMG003346.jpeg,
IMG003347.jpeg,
IMG003348.jpeg,
IMG003349.jpeg,
IMG003350.jpeg,
IMG003351.jpeg,
IMG003352.jpeg,
IMG003353.jpeg,
IMG003354.jpeg,
IMG003355.jpeg,
IMG003356.jpeg,
IMG003357.jpeg,
IMG003358.jpeg,
IMG003359.jpeg,
IMG003360.jpeg,
IMG003361.jpeg,
IMG003362.jpeg,
IMG003363.jpeg,
IMG003364.jpeg,
IMG003365.jpeg,
IMG003366.jpeg,
IMG003367.jpeg,
IMG003368.jpeg,
IMG003369.jpeg,
IMG003370.jpeg,
IMG003371.jpeg,
IMG003372.jpeg,
IMG003373.jpeg,
IMG003374.jpeg,
IMG003375.jpeg,
IMG003376.jpeg,
IMG003377.jpeg,
IMG003378.jpeg,
IMG003379.jpeg,
IMG003380.jpeg,
IMG003381.jpeg,
IMG003382.jpeg,
IMG003383.jpeg,
IMG003384.jpeg,
IMG003385.jpeg,
IMG003386.jpeg,
IMG003387.jpeg,
IMG003388.jpeg,
IMG003389.jpeg,
IMG003390.jpeg,
IMG003391.jpeg,
IMG003392.jpeg,
IMG003393.jpeg,
IMG003394.jpeg,
IMG003395.jpeg,
IMG003396.jpeg,
IMG003397.jpeg,
IMG003398.jpeg,
IMG003399.jpeg,
IMG003400.jpeg,
IMG003401.jpeg,
IMG003402.jpeg,
IMG003403.jpeg,
IMG003404.jpeg,
IMG003405.jpeg,
IMG003406.jpeg,
IMG003407.jpeg,
IMG003408.jpeg,
IMG003409.jpeg,
IMG003410.jpeg,
IMG003411.jpeg,
IMG003412.jpeg,
IMG003413.jpeg,
IMG003414.jpeg,
IMG003415.jpeg,
IMG003416.jpeg,
IMG003417.jpeg,
IMG003418.jpeg,
IMG003419.jpeg,
IMG003420.jpeg,
IMG003421.jpeg,
IMG003422.jpeg,
IMG003423.jpeg,
IMG003424.jpeg,
IMG003425.jpeg,
IMG003426.jpeg,
IMG003427.jpeg,
IMG003428.jpeg,
IMG003429.jpeg,
IMG003430.jpeg,
IMG003431.jpeg,
IMG003432.jpeg,
IMG003433.jpeg,
IMG003434.jpeg,
IMG003435.jpeg,
IMG003436.jpeg,
IMG003437.jpeg,
IMG003438.jpeg,
IMG003439.jpeg,
IMG003440.jpeg,
IMG003441.jpeg,
IMG003442.jpeg,
IMG003443.jpeg,
IMG003444.jpeg,
IMG003445.jpeg,
IMG003446.jpeg,
IMG003447.jpeg,
IMG003448.jpeg,
IMG003449.jpeg,
IMG003450.jpeg,
IMG003451.jpeg,
IMG003452.jpeg,
IMG003453.jpeg,
IMG003454.jpeg,
IMG003455.jpeg,
IMG003456.jpeg,
IMG003457.jpeg,
IMG003458.jpeg,
IMG003459.jpeg,
IMG003460.jpeg,
IMG003461.jpeg,
IMG003462.jpeg,
IMG003463.jpeg,
IMG003464.jpeg,
IMG003465.jpeg,
IMG003466.jpeg,
IMG003467.jpeg,
IMG003468.jpeg,
IMG003469.jpeg,
IMG003470.jpeg,
IMG003471.jpeg,
IMG003472.jpeg,
IMG003473.jpeg,
IMG003474.jpeg,
IMG003475.jpeg,
IMG003476.jpeg,
IMG003477.jpeg,
IMG003478.jpeg,
IMG003479.jpeg,
IMG003480.jpeg,
IMG003481.jpeg,
IMG003482.jpeg,
IMG003483.jpeg,
IMG003484.jpeg,
IMG003485.jpeg,
IMG003486.jpeg,
IMG003487.jpeg,
IMG003488.jpeg,
IMG003489.jpeg,
IMG003490.jpeg,
IMG003491.jpeg,
IMG003492.jpeg,
IMG003493.jpeg,
IMG003494.jpeg,
IMG003495.jpeg,
IMG003496.jpeg,
IMG003497.jpeg,
IMG003498.jpeg,
IMG003499.jpeg,
IMG003500.jpeg,
IMG003501.jpeg,
IMG003502.jpeg,
IMG003503.jpeg,
IMG003504.jpeg,
IMG003505.jpeg,
IMG003506.jpeg,
IMG003507.jpeg,
IMG003508.jpeg,
IMG003509.jpeg,
IMG003510.jpeg,
IMG003511.jpeg,
IMG003512.jpeg,
IMG003513.jpeg,
IMG003514.jpeg,
IMG003515.jpeg,
IMG003516.jpeg,
IMG003517.jpeg,
IMG003518.jpeg,
IMG003519.jpeg,
IMG003520.jpeg,
IMG003521.jpeg,
IMG003522.jpeg,
IMG003523.jpeg,
IMG003524.jpeg,
IMG003525.jpeg,
IMG003526.jpeg,
IMG003527.jpeg,
IMG003528.jpeg,
IMG003529.jpeg,
IMG003530.jpeg,
IMG003531.jpeg,
IMG003532.jpeg,
IMG003533.jpeg,
IMG003534.jpeg,
IMG003535.jpeg,
IMG003536.jpeg,
IMG003537.jpeg,
IMG003538.jpeg,
IMG003539.jpeg,
IMG003540.jpeg,
IMG003541.jpeg,
IMG003542.jpeg,
IMG003543.jpeg,
IMG003544.jpeg,
IMG003545.jpeg,
IMG003546.jpeg,
IMG003547.jpeg,
IMG003548.jpeg,
IMG003549.jpeg,
IMG003550.jpeg,
IMG003551.jpeg,
IMG003552.jpeg,
IMG003553.jpeg,
IMG003554.jpeg,
IMG003555.jpeg,
IMG003556.jpeg,
IMG003557.jpeg,
IMG003558.jpeg,
IMG003559.jpeg,
IMG003560.jpeg,
IMG003561.jpeg,
IMG003562.jpeg,
IMG003563.jpeg,
IMG003564.jpeg,
IMG003565.jpeg,
IMG003566.jpeg,
IMG003567.jpeg,
IMG003568.jpeg,
IMG003569.jpeg,
IMG003570.jpeg,
IMG003571.jpeg,
IMG003572.jpeg,
IMG003573.jpeg,
IMG003574.jpeg,
IMG003575.jpeg,
IMG003576.jpeg,
IMG003577.jpeg,
IMG003578.jpeg,
IMG003579.jpeg,
IMG003580.jpeg,
IMG003581.jpeg,
IMG003582.jpeg,
IMG003583.jpeg,
IMG003584.jpeg,
IMG003585.jpeg,
IMG003586.jpeg,
IMG003587.jpeg,
IMG003588.jpeg,
IMG003589.jpeg,
IMG003590.jpeg,
IMG003591.jpeg,
IMG003592.jpeg,
IMG003593.jpeg,
IMG003594.jpeg,
IMG003595.jpeg,
IMG003596.jpeg,
IMG003597.jpeg,
IMG003598.jpeg,
IMG003599.jpeg,
IMG003600.jpeg,
IMG003601.jpeg,
IMG003602.jpeg,
IMG003603.jpeg,
IMG003604.jpeg,
IMG003605.jpeg,
IMG003606.jpeg,
IMG003607.jpeg,
IMG003608.jpeg,
IMG003609.jpeg,
IMG003610.jpeg,
IMG003611.jpeg,
IMG003612.jpeg,
IMG003613.jpeg,
IMG003614.jpeg,
IMG003615.jpeg,
IMG003616.jpeg,
IMG003617.jpeg,
IMG003618.jpeg,
IMG003619.jpeg,
IMG003620.jpeg,
IMG003621.jpeg,
IMG003622.jpeg,
IMG003623.jpeg,
IMG003624.jpeg,
IMG003625.jpeg,
IMG003626.jpeg,
IMG003627.jpeg,
IMG003628.jpeg,
IMG003629.jpeg,
IMG003630.jpeg,
IMG003631.jpeg,
IMG003632.jpeg,
IMG003633.jpeg,
IMG003634.jpeg,
IMG003635.jpeg,
IMG003636.jpeg,
IMG003637.jpeg,
IMG003638.jpeg,
IMG003639.jpeg,
IMG003640.jpeg,
IMG003641.jpeg,
IMG003642.jpeg,
IMG003643.jpeg,
IMG003644.jpeg,
IMG003645.jpeg,
IMG003646.jpeg,
IMG003647.jpeg,
IMG003648.jpeg,
IMG003649.jpeg,
IMG003650.jpeg,
IMG003651.jpeg,
IMG003652.jpeg,
IMG003653.jpeg,
IMG003654.jpeg,
IMG003655.jpeg,
IMG003656.jpeg,
IMG003657.jpeg,
IMG003658.jpeg,
IMG003659.jpeg,
IMG003660.jpeg,
IMG003661.jpeg,
IMG003662.jpeg,
IMG003663.jpeg,
IMG003664.jpeg,
IMG003665.jpeg,
IMG003666.jpeg,
IMG003667.jpeg,
IMG003668.jpeg,
IMG003669.jpeg,
IMG003670.jpeg,
IMG003671.jpeg,
IMG003672.jpeg,
IMG003673.jpeg,
IMG003674.jpeg,
IMG003675.jpeg,
IMG003676.jpeg,
IMG003677.jpeg,
IMG003678.jpeg,
IMG003679.jpeg,
IMG003680.jpeg,
IMG003681.jpeg,
IMG003682.jpeg,
IMG003683.jpeg,
IMG003684.jpeg,
IMG003685.jpeg,
IMG003686.jpeg,
IMG003687.jpeg,
IMG003688.jpeg,
IMG003689.jpeg,
IMG003690.jpeg,
IMG003691.jpeg,
IMG003692.jpeg,
IMG003693.jpeg,
IMG003694.jpeg,
IMG003695.jpeg,
IMG003696.jpeg,
IMG003697.jpeg,
IMG003698.jpeg,
IMG003699.jpeg,
IMG003700.jpeg,
IMG003701.jpeg,
IMG003702.jpeg,
IMG003703.jpeg,
IMG003704.jpeg,
IMG003705.jpeg,
IMG003706.jpeg,
IMG003707.jpeg,
IMG003708.jpeg,
IMG003709.jpeg,
IMG003710.jpeg,
IMG003711.jpeg,
IMG003712.jpeg,
IMG003713.jpeg,
IMG003714.jpeg,
IMG003715.jpeg,
IMG003716.jpeg,
IMG003717.jpeg,
IMG003718.jpeg,
IMG003719.jpeg,
IMG003720.jpg,
IMG003721.jpg,
IMG003722.jpg,
IMG003723.jpg,
IMG003724.jpg,
IMG003725.jpg,
IMG003726.jpg,
IMG003727.jpg,
IMG003728.jpg,
IMG003729.jpg,
IMG003730.jpg,
IMG003731.jpg,
IMG003732.jpg,
IMG003733.jpg,
IMG003734.jpg,
IMG003735.jpg,
IMG003736.jpg,
IMG003737.jpg,
IMG003738.jpg,
IMG003739.jpg,
IMG003740.jpg,
IMG003741.jpg,
IMG003742.jpg,
IMG003743.jpg,
IMG003744.jpg,
IMG003745.jpg,
IMG003746.jpg,
